comparison,grover_method,grover_expected_selected_worst_error,baseline_method,baseline_expected_selected_worst_error,delta_selected_worst_error,grover_probability_best_state,baseline_probability_best_state
best_grover_warm_minus_uniform_feasible,grover_warm_thresholdle0p0836849565092_r2,0.0833854880397595,uniform_feasible,0.0874612047385159,-0.004075716698756407,0.7423423742484173,0.08333333333333333
best_grover_warm_minus_warm_start_only,grover_warm_thresholdle0p0836849565092_r2,0.0833854880397595,warm_start_only,0.0842841487476258,-0.0008986607078663028,0.7423423742484173,0.47742489298267526
best_grover_warm_minus_matched_uniform_grover,grover_warm_thresholdle0p0836849565092_r2,0.0833854880397595,grover_uniform_thresholdle0p0836849565092_r2,0.0847040588917434,-0.0013185708519839051,0.7423423742484173,0.3713991769547326
best_grover_warm_minus_best_structured_qaoa,grover_warm_thresholdle0p0836849565092_r2,0.0833854880397595,warm_start_xy_qaoa_p4,0.0835313763779103,-0.0001458883381508097,0.7423423742484173,0.653075051576728
best_grover_warm_minus_generic_qaoa_median,grover_warm_thresholdle0p0836849565092_r2,0.0833854880397595,qaoa_statevector_30seed_median,0.1208303741178268,-0.0374448860780673,0.7423423742484173,
