{
  "n": 16,
  "intercept": 7.8271504930546705,
  "linear": [
    0.981746386845469,
    2.1122996073218676,
    0.6142985134700448,
    0.32123962558657937,
    1.0723941379694846,
    0.7400838725538457,
    0.25069883330754367,
    -0.5048053811014658,
    0.4191619422467097,
    -0.10816121463602714,
    -0.3031834973229845,
    0.09211752189288389,
    -0.1138529766750947,
    -0.6935232301139354,
    -0.1146975189698125,
    0.1868766662197028
  ],
  "quadratic_upper": [
    [
      0.0,
      0.381912300816719,
      0.09089631976910549,
      0.16582340999891465,
      0.12891861625379927,
      -0.022635124813384977,
      0.2547760534977659,
      0.3851581750001875,
      0.22153994667724247,
      0.3150251419889122,
      0.3605155570901012,
      0.0008679772897201704,
      0.19669976008509182,
      0.132451135097843,
      0.11779776863481405,
      0.19357236960635996
    ],
    [
      0.381912300816719,
      0.0,
      0.982288246838882,
      0.29678912072816915,
      0.8942424151996471,
      0.42306418171850774,
      0.06221919820886177,
      0.45779956209434913,
      0.5958541260672233,
      0.08793389387677421,
      0.5895729597799204,
      0.43517887688925333,
      0.8876803364267106,
      1.0476513746542617,
      0.38716408684733206,
      0.6341527943197588
    ],
    [
      0.09089631976910549,
      0.982288246838882,
      0.0,
      -0.3126282670237168,
      0.46735444385637825,
      0.15506509567882817,
      -0.2506563591855082,
      0.2417335833918453,
      -0.055085726667611135,
      -0.19047583440734855,
      0.31332645655335517,
      -0.17715832633301992,
      0.8761141789295436,
      0.785719323747488,
      0.08253594693458301,
      0.5325264218225103
    ],
    [
      0.16582340999891465,
      0.29678912072816915,
      -0.3126282670237168,
      0.0,
      0.5200801190609148,
      0.044992152760874066,
      -0.05007072673917885,
      -0.091782877782308,
      -0.39942174847330497,
      -0.03847661234974401,
      -0.5587955252554104,
      0.04108077687066595,
      0.24291232179519856,
      0.1500469470681306,
      0.5212496335376464,
      -0.5155643862526992
    ],
    [
      0.12891861625379927,
      0.8942424151996471,
      0.46735444385637825,
      0.5200801190609148,
      0.0,
      0.5899709413740821,
      0.02362255290242326,
      0.04356184577920514,
      0.3939852955574388,
      0.31201696186904204,
      0.28582531159846336,
      0.3505513718080985,
      0.26391232747292,
      0.03969266395860204,
      0.0481223767412219,
      -0.07569151205249791
    ],
    [
      -0.022635124813384977,
      0.42306418171850774,
      0.15506509567882817,
      0.044992152760874066,
      0.5899709413740821,
      0.0,
      -0.013608943190940727,
      0.15316392628262515,
      -0.2598904471033277,
      -0.028809163800010126,
      -0.3161173235273027,
      0.40911586111902565,
      0.2378516407816167,
      0.1736030159380644,
      0.1290025981520452,
      -0.48306051115941556
    ],
    [
      0.2547760534977659,
      0.06221919820886177,
      -0.2506563591855082,
      -0.05007072673917885,
      0.02362255290242326,
      -0.013608943190940727,
      0.0,
      -0.0028302342974706467,
      0.23773424786186814,
      0.06125083512308412,
      -0.3833753816192236,
      0.3160729990535018,
      0.01911720345668203,
      0.19101792949515267,
      0.10048476378088926,
      -0.1641754162327682
    ],
    [
      0.3851581750001875,
      0.45779956209434913,
      0.2417335833918453,
      -0.091782877782308,
      0.04356184577920514,
      0.15316392628262515,
      -0.0028302342974706467,
      0.0,
      0.4498135036789162,
      -0.055453765634899656,
      -0.09278438184906636,
      0.4205959829479675,
      -0.595096205235934,
      -0.9351020433051509,
      -0.6556990012975453,
      -0.18369203796909786
    ],
    [
      0.22153994667724247,
      0.5958541260672233,
      -0.055085726667611135,
      -0.39942174847330497,
      0.3939852955574388,
      -0.2598904471033277,
      0.23773424786186814,
      0.4498135036789162,
      0.0,
      -0.05426626717377859,
      0.01949514488045381,
      0.5942887882439556,
      0.5004548621930889,
      0.2233163768832725,
      0.030536247855494508,
      0.06272628354854566
    ],
    [
      0.3150251419889122,
      0.08793389387677421,
      -0.19047583440734855,
      -0.03847661234974401,
      0.31201696186904204,
      -0.028809163800010126,
      0.06125083512308412,
      -0.055453765634899656,
      -0.05426626717377859,
      0.0,
      -0.4622858881862503,
      0.2898545874615218,
      -0.45948203371814406,
      -0.5129558546923993,
      -0.07572744989141296,
      -0.2774363311587129
    ],
    [
      0.3605155570901012,
      0.5895729597799204,
      0.31332645655335517,
      -0.5587955252554104,
      0.28582531159846336,
      -0.3161173235273027,
      -0.3833753816192236,
      -0.09278438184906636,
      0.01949514488045381,
      -0.4622858881862503,
      0.0,
      0.37822793717035524,
      0.044320257248089294,
      0.22891762448756098,
      -0.5386402740310456,
      0.2694071596216722
    ],
    [
      0.0008679772897201704,
      0.43517887688925333,
      -0.17715832633301992,
      0.04108077687066595,
      0.3505513718080985,
      0.40911586111902565,
      0.3160729990535018,
      0.4205959829479675,
      0.5942887882439556,
      0.2898545874615218,
      0.37822793717035524,
      0.0,
      -0.35341144876646885,
      -0.2930124893470072,
      -0.20253392750572438,
      0.4228077717847983
    ],
    [
      0.19669976008509182,
      0.8876803364267106,
      0.8761141789295436,
      0.24291232179519856,
      0.26391232747292,
      0.2378516407816167,
      0.01911720345668203,
      -0.595096205235934,
      0.5004548621930889,
      -0.45948203371814406,
      0.044320257248089294,
      -0.35341144876646885,
      0.0,
      0.05726210632226204,
      -0.13433050275980793,
      0.69649654402511
    ],
    [
      0.132451135097843,
      1.0476513746542617,
      0.785719323747488,
      0.1500469470681306,
      0.03969266395860204,
      0.1736030159380644,
      0.19101792949515267,
      -0.9351020433051509,
      0.2233163768832725,
      -0.5129558546923993,
      0.22891762448756098,
      -0.2930124893470072,
      0.05726210632226204,
      0.0,
      0.08240106911006843,
      0.3235579658192241
    ],
    [
      0.11779776863481405,
      0.38716408684733206,
      0.08253594693458301,
      0.5212496335376464,
      0.0481223767412219,
      0.1290025981520452,
      0.10048476378088926,
      -0.6556990012975453,
      0.030536247855494508,
      -0.07572744989141296,
      -0.5386402740310456,
      -0.20253392750572438,
      -0.13433050275980793,
      0.08240106911006843,
      0.0,
      -0.29843725649555397
    ],
    [
      0.19357236960635996,
      0.6341527943197588,
      0.5325264218225103,
      -0.5155643862526992,
      -0.07569151205249791,
      -0.48306051115941556,
      -0.1641754162327682,
      -0.18369203796909786,
      0.06272628354854566,
      -0.2774363311587129,
      0.2694071596216722,
      0.4228077717847983,
      0.69649654402511,
      0.3235579658192241,
      -0.29843725649555397,
      0.0
    ]
  ],
  "diagnostics": {
    "ridge": 0.0001,
    "train_rmse": 5.191943669752832e-05,
    "val_rmse": 7.253403596526827,
    "train_r2": 0.9999999999692927,
    "val_r2": 0.6466384253817163,
    "val_spearman": 0.5714285714285714,
    "val_pairwise_order_accuracy": 0.6785714285714286,
    "val_top_k": 2,
    "val_top_k_recall": 1.0,
    "n_train": 24,
    "n_val": 8
  }
}