{
  "n": 16,
  "intercept": 2.1068033166446614,
  "linear": [
    2.825194291553439,
    2.792219153068076,
    2.363235849253621,
    1.784251963195592,
    2.10314307422466,
    -0.3675663462805034,
    1.6592213023331324,
    -0.048047670028826206,
    0.6395336681796372,
    0.1612134280297199,
    1.4582223423828962,
    2.9853823342691315,
    1.6504985796860585,
    3.506133914593651,
    2.8704000371539524,
    1.9697791371328055
  ],
  "quadratic_upper": [
    [
      0.0,
      0.18561331614431156,
      0.8601696836081578,
      -0.6008392770866556,
      0.029764930432865343,
      0.23099744331844277,
      -1.0514575648040987,
      -0.05639615644402504,
      0.322775043500866,
      0.17377609588317583,
      -0.07568232337669373,
      0.08233006858326979,
      0.8592937086690107,
      0.8667430300499772,
      -0.2512605554569469,
      -0.2027765608780424
    ],
    [
      0.18561331614431156,
      0.0,
      0.39210037595689384,
      -0.01481106717751504,
      0.3638660434679421,
      0.8303705816752412,
      -0.6922615395098406,
      0.647112679040725,
      0.11996284061809848,
      0.7192967548564239,
      0.08554739776509845,
      0.8109338166627499,
      0.24343300112109936,
      0.5213702095305567,
      0.6887478181630939,
      0.008628064864883609
    ],
    [
      0.8601696836081578,
      0.39210037595689384,
      0.0,
      -0.9109642861661649,
      -0.9924794784682971,
      0.2309974432938022,
      -1.4242289962152168,
      -0.3665211653986226,
      0.5577692170218601,
      0.011442486601518352,
      -0.7585787640064533,
      0.10013852437473988,
      0.2455289140963156,
      0.6034131433333714,
      -0.5653363268358316,
      -0.1704258953497022
    ],
    [
      -0.6008392770866556,
      -0.01481106717751504,
      -0.9109642861661649,
      0.0,
      0.10724248681124222,
      -0.17591399945318628,
      0.8886572393943206,
      -0.19045620917431363,
      -0.6276230615493097,
      -1.4679569811611115,
      1.0210916176371958,
      1.026863547785387,
      -1.041719673666811,
      1.1518470054627301,
      1.800918377772722,
      0.7580027312600571
    ],
    [
      0.029764930432865343,
      0.3638660434679421,
      -0.9924794784682971,
      0.10724248681124222,
      0.0,
      0.6674187737393382,
      1.2023820826832592,
      -0.752627583003848,
      0.2677542406363353,
      -1.364036521106267,
      0.6259219401485345,
      0.9453483556998988,
      -1.3424664205843204,
      1.0314339778704906,
      1.7444104888294523,
      1.1661505049493264
    ],
    [
      0.23099744331844277,
      0.8303705816752412,
      0.2309974432938022,
      -0.17591399945318628,
      0.6674187737393382,
      0.0,
      -0.2877125317642824,
      -0.009481625512783467,
      -0.4996958195523943,
      0.5581938223408052,
      -1.0897092893745708,
      -1.0725116637789311,
      -0.2667808989952987,
      -0.754882754748132,
      -0.8456737496881108,
      -0.8591452853073023
    ],
    [
      -1.0514575648040987,
      -0.6922615395098406,
      -1.4242289962152168,
      0.8886572393943206,
      1.2023820826832592,
      -0.2877125317642824,
      0.0,
      -0.6469085571239873,
      -1.214513242806469,
      -0.8417418113601097,
      0.320934353899429,
      0.8164257258633564,
      -1.2464090189165025,
      0.8431860572387763,
      0.7256015614757291,
      0.8296106512454632
    ],
    [
      -0.05639615644402504,
      0.647112679040725,
      -0.3665211653986226,
      -0.19045620917431363,
      -0.752627583003848,
      -0.009481625512783467,
      -0.6469085571239873,
      0.0,
      -0.1776028718137542,
      -0.398520811914951,
      -0.5707539258934057,
      -0.7013476999187463,
      -0.716508107915625,
      -0.38371879107820756,
      0.5227273196863478,
      -0.10186733872506304
    ],
    [
      0.322775043500866,
      0.11996284061809848,
      0.5577692170218601,
      -0.6276230615493097,
      0.2677542406363353,
      -0.4996958195523943,
      -1.214513242806469,
      -0.1776028718137542,
      0.0,
      -0.10372992397050154,
      -1.8367189541463236,
      -0.8006333695690845,
      -0.08104812198821379,
      -0.6710024411625714,
      -1.6315812503112639,
      -0.8760242455243419
    ],
    [
      0.17377609588317583,
      0.7192967548564239,
      0.011442486601518352,
      -1.4679569811611115,
      -1.364036521106267,
      0.5581938223408052,
      -0.8417418113601097,
      -0.398520811914951,
      -0.10372992397050154,
      0.0,
      -0.09456633423167057,
      -0.26616270064100006,
      -0.11762402874302774,
      -0.08298044415768481,
      0.2841117555380627,
      -1.0257647887996018
    ],
    [
      -0.07568232337669373,
      0.08554739776509845,
      -0.7585787640064533,
      1.0210916176371958,
      0.6259219401485345,
      -1.0897092893745708,
      0.320934353899429,
      -0.5707539258934057,
      -1.8367189541463236,
      -0.09456633423167057,
      0.0,
      0.2380751690904775,
      -0.1097267420017081,
      0.6628502042520843,
      0.2741181111126991,
      -0.4999568187930727
    ],
    [
      0.08233006858326979,
      0.8109338166627499,
      0.10013852437473988,
      1.026863547785387,
      0.9453483556998988,
      -1.0725116637789311,
      0.8164257258633564,
      -0.7013476999187463,
      -0.8006333695690845,
      -0.26616270064100006,
      0.2380751690904775,
      0.0,
      -0.08000354072683219,
      0.49336597493302575,
      0.9744096176372486,
      1.1023591518306
    ],
    [
      0.8592937086690107,
      0.24343300112109936,
      0.2455289140963156,
      -1.041719673666811,
      -1.3424664205843204,
      -0.2667808989952987,
      -1.2464090189165025,
      -0.716508107915625,
      -0.08104812198821379,
      -0.11762402874302774,
      -0.1097267420017081,
      -0.08000354072683219,
      0.0,
      0.10563480086693061,
      -0.04396059859449938,
      -0.700554903043187
    ],
    [
      0.8667430300499772,
      0.5213702095305567,
      0.6034131433333714,
      1.1518470054627301,
      1.0314339778704906,
      -0.754882754748132,
      0.8431860572387763,
      -0.38371879107820756,
      -0.6710024411625714,
      -0.08298044415768481,
      0.6628502042520843,
      0.49336597493302575,
      0.10563480086693061,
      0.0,
      0.7854406825843825,
      0.17733037289762416
    ],
    [
      -0.2512605554569469,
      0.6887478181630939,
      -0.5653363268358316,
      1.800918377772722,
      1.7444104888294523,
      -0.8456737496881108,
      0.7256015614757291,
      0.5227273196863478,
      -1.6315812503112639,
      0.2841117555380627,
      0.2741181111126991,
      0.9744096176372486,
      -0.04396059859449938,
      0.7854406825843825,
      0.0,
      0.6055999930819403
    ],
    [
      -0.2027765608780424,
      0.008628064864883609,
      -0.1704258953497022,
      0.7580027312600571,
      1.1661505049493264,
      -0.8591452853073023,
      0.8296106512454632,
      -0.10186733872506304,
      -0.8760242455243419,
      -1.0257647887996018,
      -0.4999568187930727,
      1.1023591518306,
      -0.700554903043187,
      0.17733037289762416,
      0.6055999930819403,
      0.0
    ]
  ],
  "diagnostics": {
    "ridge": 0.0001,
    "train_rmse": 0.00016829156541990677,
    "val_rmse": 13.180731642322908,
    "train_r2": 0.9999999998406239,
    "val_r2": -1.7930686935070486,
    "val_spearman": 0.6190476190476191,
    "val_pairwise_order_accuracy": 0.7857142857142857,
    "val_top_k": 2,
    "val_top_k_recall": 1.0,
    "n_train": 24,
    "n_val": 8
  }
}