{
  "n": 16,
  "intercept": 9.975086775351276,
  "linear": [
    1.3651189789021898,
    2.5156424712197136,
    1.7207177610110596,
    0.4939451846849904,
    0.2892455940928415,
    0.1089257307318087,
    -0.6931859183544524,
    1.37500068972741,
    -0.5598285180685386,
    -0.7401881467350502,
    -0.4265365644285053,
    0.22800599756540843,
    1.6247441666038756,
    1.1976465988272678,
    -0.8195974158007063,
    -0.5715553979403429
  ],
  "quadratic_upper": [
    [
      0.0,
      0.32034246509542696,
      0.28078696170782946,
      0.3819766023490718,
      0.2796268072768501,
      0.644523662608952,
      0.2977462185056937,
      -0.04174330631315977,
      0.43037666323612656,
      0.4516482698570383,
      0.22712078285945306,
      0.24900700893522126,
      -0.08688637597820748,
      -0.09220003991440444,
      0.5469476449043877,
      0.40106679705132375
    ],
    [
      0.32034246509542696,
      0.0,
      0.738232267908407,
      -0.034235044725825024,
      0.4317938857538288,
      -0.0858739903288198,
      0.8018229111469818,
      0.9427931377733744,
      -0.10896324586505565,
      0.04494859610351427,
      -0.6079187851812561,
      -0.2995983075093845,
      0.3011874072864239,
      1.1168510087880972,
      0.15640001699592668,
      0.010519168884314352
    ],
    [
      0.28078696170782946,
      0.738232267908407,
      0.0,
      -0.17314190754643013,
      -0.2953598474997088,
      0.12492450052978231,
      0.5330943601949749,
      0.7053978300542589,
      0.436741682416467,
      0.06337886782750034,
      -0.06221385705851333,
      0.008916597032853574,
      0.3922575838692979,
      0.3016926869614632,
      -0.008170864916432053,
      0.06786693600723762
    ],
    [
      0.3819766023490718,
      -0.034235044725825024,
      -0.17314190754643013,
      0.0,
      -0.11157100929205949,
      0.017146158326715424,
      0.21414295708284664,
      -0.43910989180929155,
      0.22806476017659252,
      0.4708483323358682,
      0.03315952130551104,
      -0.009125263600885558,
      -0.1367835287475234,
      -0.2140236134729402,
      0.05379123036610781,
      -0.17684842523280744
    ],
    [
      0.2796268072768501,
      0.4317938857538288,
      -0.2953598474997088,
      -0.11157100929205949,
      0.0,
      0.24775974971926135,
      -0.10058381930207887,
      -0.34827832495223154,
      0.18328448288048474,
      0.08383926126236912,
      -0.019971397579529922,
      -0.25380600978411255,
      -0.2708125251749121,
      -0.3355690274142171,
      0.20219231468169443,
      0.05631146653548015
    ],
    [
      0.644523662608952,
      -0.0858739903288198,
      0.12492450052978231,
      0.017146158326715424,
      0.24775974971926135,
      0.0,
      -0.5878297525189341,
      0.13631420295386848,
      0.10376653086066792,
      0.3783952008899469,
      -0.45642459649817735,
      -0.11582343511094768,
      0.03888807799973632,
      0.047637157609436445,
      0.1377281201969668,
      -0.6443816561467245
    ],
    [
      0.2977462185056937,
      0.8018229111469818,
      0.5330943601949749,
      0.21414295708284664,
      -0.10058381930207887,
      -0.5878297525189341,
      0.0,
      0.6177151717666566,
      -0.3993642669406449,
      -1.050607003097662,
      -0.43778288716347563,
      0.2234083639365784,
      0.7578005285316122,
      0.6177151717666574,
      -0.7563916670893379,
      -0.12670749894238495
    ],
    [
      -0.04174330631315977,
      0.9427931377733744,
      0.7053978300542589,
      -0.43910989180929155,
      -0.34827832495223154,
      0.13631420295386848,
      0.6177151717666566,
      0.0,
      0.1325533862015377,
      -0.056561190031546776,
      -0.07070249416238869,
      -0.2570513876379726,
      0.126289599093094,
      0.3220155132542407,
      -0.08095748721267931,
      0.08818976282394292
    ],
    [
      0.43037666323612656,
      -0.10896324586505565,
      0.436741682416467,
      0.22806476017659252,
      0.18328448288048474,
      0.10376653086066792,
      -0.3993642669406449,
      0.1325533862015377,
      0.0,
      -0.3024939496886311,
      0.15628778374881905,
      0.3604584296160753,
      -0.2407982176001601,
      -0.2825962802022875,
      -0.47309562076660633,
      0.24240010310909654
    ],
    [
      0.4516482698570383,
      0.04494859610351427,
      0.06337886782750034,
      0.4708483323358682,
      0.08383926126236912,
      0.3783952008899469,
      -1.050607003097662,
      -0.056561190031546776,
      -0.3024939496886311,
      0.0,
      -0.16199156598012365,
      0.32861333165582207,
      0.0019853542608976094,
      -0.10701792388243464,
      -0.23031204889283222,
      0.17015557708402387
    ],
    [
      0.22712078285945306,
      -0.6079187851812561,
      -0.06221385705851333,
      0.03315952130551104,
      -0.019971397579529922,
      -0.45642459649817735,
      -0.43778288716347563,
      -0.07070249416238869,
      0.15628778374881905,
      -0.16199156598012365,
      0.0,
      0.16555319089045584,
      0.054901441168426914,
      -0.29521709894192116,
      -0.036893578254871176,
      -0.3220612014755938
    ],
    [
      0.24900700893522126,
      -0.2995983075093845,
      0.008916597032853574,
      -0.009125263600885558,
      -0.25380600978411255,
      -0.11582343511094768,
      0.2234083639365784,
      -0.2570513876379726,
      0.3604584296160753,
      0.32861333165582207,
      0.16555319089045584,
      0.0,
      -0.2697531223321287,
      -0.5197863041822887,
      -0.07917836306573862,
      0.005210079237399121
    ],
    [
      -0.08688637597820748,
      0.3011874072864239,
      0.3922575838692979,
      -0.1367835287475234,
      -0.2708125251749121,
      0.03888807799973632,
      0.7578005285316122,
      0.126289599093094,
      -0.2407982176001601,
      0.0019853542608976094,
      0.054901441168426914,
      -0.2697531223321287,
      0.0,
      0.3296339579975477,
      -0.20683662848835824,
      -0.43747628369951724
    ],
    [
      -0.09220003991440444,
      1.1168510087880972,
      0.3016926869614632,
      -0.2140236134729402,
      -0.3355690274142171,
      0.047637157609436445,
      0.6177151717666574,
      0.3220155132542407,
      -0.2825962802022875,
      -0.10701792388243464,
      -0.29521709894192116,
      -0.5197863041822887,
      0.3296339579975477,
      0.0,
      -0.16963453256202024,
      -0.12488031919803345
    ],
    [
      0.5469476449043877,
      0.15640001699592668,
      -0.008170864916432053,
      0.05379123036610781,
      0.20219231468169443,
      0.1377281201969668,
      -0.7563916670893379,
      -0.08095748721267931,
      -0.47309562076660633,
      -0.23031204889283222,
      -0.036893578254871176,
      -0.07917836306573862,
      -0.20683662848835824,
      -0.16963453256202024,
      0.0,
      -0.009331082004630602
    ],
    [
      0.40106679705132375,
      0.010519168884314352,
      0.06786693600723762,
      -0.17684842523280744,
      0.05631146653548015,
      -0.6443816561467245,
      -0.12670749894238495,
      0.08818976282394292,
      0.24240010310909654,
      0.17015557708402387,
      -0.3220612014755938,
      0.005210079237399121,
      -0.43747628369951724,
      -0.12488031919803345,
      -0.009331082004630602,
      0.0
    ]
  ],
  "diagnostics": {
    "ridge": 0.0001,
    "train_rmse": 7.293928217995056e-05,
    "val_rmse": 9.4732161915564,
    "train_r2": 0.9999999999258999,
    "val_r2": 0.04434949247222153,
    "val_spearman": 0.7142857142857143,
    "val_pairwise_order_accuracy": 0.7857142857142857,
    "val_top_k": 2,
    "val_top_k_recall": 0.5,
    "n_train": 24,
    "n_val": 8
  }
}