{
  "n": 14,
  "intercept": 15.116362030658898,
  "linear": [
    -0.6107751408054538,
    5.856448227973357,
    -2.179585729040957,
    4.773951564909661,
    0.8091318955790302,
    0.334543575725865,
    1.713293017139463,
    -1.24885343438412,
    -0.6005045240697608,
    3.885244456234042,
    0.2733374629550735,
    2.00129369587468,
    0.4363287405104043,
    2.255671332148641
  ],
  "quadratic_upper": [
    [
      0.0,
      0.13211320918693154,
      2.5022901765251664,
      -0.2938117287417184,
      0.07368541186055345,
      -1.2948056058067392,
      -1.0456929235899668,
      -0.5508929179405505,
      0.2638049399710537,
      -0.2723468140895502,
      -0.002483580058769746,
      -0.2162736291215485,
      1.1178385053092112,
      -0.26512244451255607
    ],
    [
      0.13211320918693154,
      0.0,
      -0.49172230244488646,
      -0.23638651034730462,
      1.5869960036469668,
      -0.3758850955648053,
      1.2146713553033923,
      0.5498144569156408,
      0.2229249137873594,
      0.4873073728232537,
      0.8087541092112448,
      0.7400190552615515,
      0.23244029430603957,
      0.5176406527085766
    ],
    [
      2.5022901765251664,
      -0.49172230244488646,
      0.0,
      0.8890331126420402,
      1.7521523081019261,
      1.0479892365097156,
      -0.628579340032954,
      0.9373308521311656,
      -0.30538796837254656,
      -1.05125317416219,
      0.5057799652153303,
      -0.19176315709197997,
      0.5387144451858505,
      -1.352662840445014
    ],
    [
      -0.2938117287417184,
      -0.23638651034730462,
      0.8890331126420402,
      0.0,
      0.004010504819569142,
      -0.5054079009813006,
      -0.1795305210872426,
      0.1404952964460091,
      -0.6349925957323499,
      0.32466568597372114,
      -0.5695257733064814,
      -0.7071755953135064,
      -0.13698115574218284,
      -0.56662220771155
    ],
    [
      0.07368541186055345,
      1.5869960036469668,
      1.7521523081019261,
      0.004010504819569142,
      0.0,
      -0.33242324821711094,
      -0.21056395130719516,
      -0.41001051286281565,
      -0.5471299997134794,
      -1.1113669008321578,
      -1.143088727504994,
      -0.798876096655188,
      -0.40253862017895775,
      -0.053693830709540084
    ],
    [
      -1.2948056058067392,
      -0.3758850955648053,
      1.0479892365097156,
      -0.5054079009813006,
      -0.33242324821711094,
      0.0,
      -0.41203039471648417,
      0.0015837951092880216,
      1.376938756611523,
      0.13227184976514744,
      -0.1636603196235547,
      0.8563264774291924,
      0.4419629631333318,
      -0.5067726583862507
    ],
    [
      -1.0456929235899668,
      1.2146713553033923,
      -0.628579340032954,
      -0.1795305210872426,
      -0.21056395130719516,
      -0.41203039471648417,
      0.0,
      0.68201785070623,
      -0.1066035444300387,
      0.041148334728312544,
      0.2886734092679708,
      -0.3453530406609936,
      -0.2976069678071065,
      -0.5157167880359398
    ],
    [
      -0.5508929179405505,
      0.5498144569156408,
      0.9373308521311656,
      0.1404952964460091,
      -0.41001051286281565,
      0.0015837951092880216,
      0.68201785070623,
      0.0,
      0.5208980609047563,
      -0.2730085283624467,
      -0.08459225801467711,
      0.17131075918587893,
      0.16188326347214985,
      -0.13559084334307903
    ],
    [
      0.2638049399710537,
      0.2229249137873594,
      -0.30538796837254656,
      -0.6349925957323499,
      -0.5471299997134794,
      1.376938756611523,
      -0.1066035444300387,
      0.5208980609047563,
      0.0,
      0.04001419558724938,
      -0.41131824806353207,
      -0.3282854076152505,
      0.21487900846776703,
      -0.5671624315018219
    ],
    [
      -0.2723468140895502,
      0.4873073728232537,
      -1.05125317416219,
      0.32466568597372114,
      -1.1113669008321578,
      0.13227184976514744,
      0.041148334728312544,
      -0.2730085283624467,
      0.04001419558724938,
      0.0,
      0.868592025152405,
      -0.014872774390171787,
      -1.5771691968897799,
      0.6404907744883003
    ],
    [
      -0.002483580058769746,
      0.8087541092112448,
      0.5057799652153303,
      -0.5695257733064814,
      -1.143088727504994,
      -0.1636603196235547,
      0.2886734092679708,
      -0.08459225801467711,
      -0.41131824806353207,
      0.868592025152405,
      0.0,
      -0.16734568953223006,
      0.021743604196682566,
      -0.2744677968082319
    ],
    [
      -0.2162736291215485,
      0.7400190552615515,
      -0.19176315709197997,
      -0.7071755953135064,
      -0.798876096655188,
      0.8563264774291924,
      -0.3453530406609936,
      0.17131075918587893,
      -0.3282854076152505,
      -0.014872774390171787,
      -0.16734568953223006,
      0.0,
      -1.0978134211021418,
      0.8366243809165627
    ],
    [
      1.1178385053092112,
      0.23244029430603957,
      0.5387144451858505,
      -0.13698115574218284,
      -0.40253862017895775,
      0.4419629631333318,
      -0.2976069678071065,
      0.16188326347214985,
      0.21487900846776703,
      -1.5771691968897799,
      0.021743604196682566,
      -1.0978134211021418,
      0.0,
      -0.6529423779705846
    ],
    [
      -0.26512244451255607,
      0.5176406527085766,
      -1.352662840445014,
      -0.56662220771155,
      -0.053693830709540084,
      -0.5067726583862507,
      -0.5157167880359398,
      -0.13559084334307903,
      -0.5671624315018219,
      0.6404907744883003,
      -0.2744677968082319,
      0.8366243809165627,
      -0.6529423779705846,
      0.0
    ]
  ],
  "diagnostics": {
    "ridge": 0.0001,
    "train_rmse": 0.00023373756220924674,
    "val_rmse": 4.006027918328075,
    "train_r2": 0.9999999988774626,
    "val_r2": 0.7189578323209904,
    "n_train": 54,
    "n_val": 18
  }
}