{
  "n": 14,
  "intercept": 15.116513399258068,
  "linear": [
    -1.5162422926694719,
    10.557015700456885,
    0.777979182923201,
    2.1065736064931433,
    0.9262815299653271,
    5.8116903718570425,
    -0.6409044509831823,
    0.11215553189850795,
    2.374442467269133,
    1.2395111773545238,
    -2.0348966822778425,
    2.5662862189975297,
    0.19113982144535524,
    0.7584136159029017
  ],
  "quadratic_upper": [
    [
      0.0,
      0.16052144996210493,
      2.406474547288961,
      -1.5452224087448483,
      0.5486523020264633,
      -1.2942912661101564,
      0.6350446913814435,
      -0.2481627967351825,
      -0.7809797571470503,
      1.0469025837175476,
      -0.4040459072328269,
      0.007717733065007095,
      -0.6372126347734,
      -0.17713723251089333
    ],
    [
      0.16052144996210493,
      0.0,
      -1.5668645908222922,
      0.7170391152817843,
      -0.37345997174005185,
      1.0929891821954933,
      -0.9995593740048555,
      -0.8608939669769917,
      0.3535450631768326,
      0.6833105540485019,
      1.0201771811915339,
      1.9607106741061948,
      -0.48258317837879444,
      0.9712774476950864
    ],
    [
      2.406474547288961,
      -1.5668645908222922,
      0.0,
      -0.35084416779271443,
      -0.15785400470522767,
      -1.0211276321040934,
      0.38345298131554423,
      0.2455240929963243,
      -0.21760278381297002,
      -1.1343709739461993,
      0.8447835157767374,
      -0.3947855248914273,
      0.42336114277638426,
      0.7835801673355821
    ],
    [
      -1.5452224087448483,
      0.7170391152817843,
      -0.35084416779271443,
      0.0,
      -0.3241987628009099,
      -0.6850452285604196,
      1.1925073626286267,
      1.2157612678045335,
      0.12119020432615871,
      0.40792422048026666,
      1.1636199301300658,
      -0.7219106155998822,
      -0.695148407917484,
      -0.4477466265629426
    ],
    [
      0.5486523020264633,
      -0.37345997174005185,
      -0.15785400470522767,
      -0.3241987628009099,
      0.0,
      -1.1774976407723357,
      -0.5586591957320438,
      0.6388674982774799,
      -0.028468234233388113,
      -0.436664650641858,
      0.21899940938294582,
      -1.4163898293629857,
      0.005539741584774315,
      -0.494124914025747
    ],
    [
      -1.2942912661101564,
      1.0929891821954933,
      -1.0211276321040934,
      -0.6850452285604196,
      -1.1774976407723357,
      0.0,
      -0.4123789333913927,
      -0.18820952422400375,
      -0.9490242685127115,
      0.36327825052299323,
      -0.45316191639023334,
      0.20583829186700398,
      0.09181229702703173,
      1.2572666307392573
    ],
    [
      0.6350446913814435,
      -0.9995593740048555,
      0.38345298131554423,
      1.1925073626286267,
      -0.5586591957320438,
      -0.4123789333913927,
      0.0,
      -0.3099216672719887,
      -0.25863690488762686,
      0.16877201598856786,
      -0.5937406413190238,
      0.12074666640866989,
      0.13150640531530283,
      -0.8065455928442393
    ],
    [
      -0.2481627967351825,
      -0.8608939669769917,
      0.2455240929963243,
      1.2157612678045335,
      0.6388674982774799,
      -0.18820952422400375,
      -0.3099216672719887,
      0.0,
      -0.10381329186440236,
      -0.21153878921147803,
      0.0215708652719541,
      -0.718169904447106,
      0.1697097553700104,
      -0.21714785293860597
    ],
    [
      -0.7809797571470503,
      0.3535450631768326,
      -0.21760278381297002,
      0.12119020432615871,
      -0.028468234233388113,
      -0.9490242685127115,
      -0.25863690488762686,
      -0.10381329186440236,
      0.0,
      -0.1309722051234377,
      0.12408678773556475,
      -0.7150715911912054,
      0.8867103432984276,
      0.21696774430668825
    ],
    [
      1.0469025837175476,
      0.6833105540485019,
      -1.1343709739461993,
      0.40792422048026666,
      -0.436664650641858,
      0.36327825052299323,
      0.16877201598856786,
      -0.21153878921147803,
      -0.1309722051234377,
      0.0,
      0.512451748266753,
      -1.1544995083445755,
      -0.867378484380573,
      -0.25110986794531853
    ],
    [
      -0.4040459072328269,
      1.0201771811915339,
      0.8447835157767374,
      1.1636199301300658,
      0.21899940938294582,
      -0.45316191639023334,
      -0.5937406413190238,
      0.0215708652719541,
      0.12408678773556475,
      0.512451748266753,
      0.0,
      1.1551709836259552,
      0.6556286137200045,
      -2.1660558523802997
    ],
    [
      0.007717733065007095,
      1.9607106741061948,
      -0.3947855248914273,
      -0.7219106155998822,
      -1.4163898293629857,
      0.20583829186700398,
      0.12074666640866989,
      -0.718169904447106,
      -0.7150715911912054,
      -1.1544995083445755,
      1.1551709836259552,
      0.0,
      -0.3009256812048363,
      0.5278641619076094
    ],
    [
      -0.6372126347734,
      -0.48258317837879444,
      0.42336114277638426,
      -0.695148407917484,
      0.005539741584774315,
      0.09181229702703173,
      0.13150640531530283,
      0.1697097553700104,
      0.8867103432984276,
      -0.867378484380573,
      0.6556286137200045,
      -0.3009256812048363,
      0.0,
      0.8882578536371583
    ],
    [
      -0.17713723251089333,
      0.9712774476950864,
      0.7835801673355821,
      -0.4477466265629426,
      -0.494124914025747,
      1.2572666307392573,
      -0.8065455928442393,
      -0.21714785293860597,
      0.21696774430668825,
      -0.25110986794531853,
      -2.1660558523802997,
      0.5278641619076094,
      0.8882578536371583,
      0.0
    ]
  ],
  "diagnostics": {
    "ridge": 0.0001,
    "train_rmse": 0.00023502950223134775,
    "val_rmse": 5.929648599800924,
    "train_r2": 0.9999999990679566,
    "val_r2": 0.03518238673167706,
    "n_train": 54,
    "n_val": 18
  }
}