{
  "n": 14,
  "intercept": 15.116055170319278,
  "linear": [
    1.1708942069650516,
    6.516664763525525,
    0.37986996599497735,
    1.75555573010644,
    -1.3867283766996756,
    1.2197352641382893,
    0.7898911572302734,
    1.8525295113614983,
    0.02477978079635956,
    3.102523763758779,
    -0.9169749105720735,
    2.222336951085529,
    -0.1011509547162705,
    0.01437746746652887
  ],
  "quadratic_upper": [
    [
      0.0,
      0.06292608584537786,
      1.5275104778668167,
      -0.19339185998583755,
      -0.0363351765293633,
      -1.0848237230603277,
      -0.003090764030199803,
      0.4131471285098938,
      -1.4899284380239404,
      0.6378731587066562,
      -0.5397763714602332,
      -1.056271271111609,
      0.3698865142147312,
      0.45025882285238034
    ],
    [
      0.06292608584537786,
      0.0,
      -0.1650150857599907,
      -2.4654514833190078,
      0.36760801823344336,
      0.7506976751687381,
      0.8260695785543504,
      1.0531762493818222,
      0.07627496512344813,
      1.1532793767758356,
      0.39915373494855394,
      0.21629961418396945,
      1.3162610669739103,
      -0.16497935817824788
    ],
    [
      1.5275104778668167,
      -0.1650150857599907,
      0.0,
      0.862897542037604,
      -0.8924808370491677,
      -0.32492345116426036,
      -0.25383987552223264,
      -0.5981815886976782,
      0.6298973309500207,
      0.09083554796328082,
      0.00016945947627495264,
      1.001171673869442,
      -0.24659980048438015,
      -0.14846217845734777
    ],
    [
      -0.19339185998583755,
      -2.4654514833190078,
      0.862897542037604,
      0.0,
      1.302387898145605,
      0.4410725161670495,
      -0.9054692865708384,
      -2.826923917060721,
      -0.6019826622132742,
      0.9986007249322854,
      2.1143502844442543,
      0.45090028951204153,
      0.1525328660045269,
      0.1226077627141419
    ],
    [
      -0.0363351765293633,
      0.36760801823344336,
      -0.8924808370491677,
      1.302387898145605,
      0.0,
      0.5289006254468799,
      -0.05142436221808341,
      0.8682875906553698,
      0.05882051524018938,
      -0.7357769999071736,
      -0.09519441291430919,
      -0.37534152111814095,
      -0.13802837044136096,
      -0.4142834431823563
    ],
    [
      -1.0848237230603277,
      0.7506976751687381,
      -0.32492345116426036,
      0.4410725161670495,
      0.5289006254468799,
      0.0,
      0.12346536774475118,
      -1.0679833842040178,
      -0.31288736777555,
      0.5751382697818669,
      0.6653276886779246,
      -0.37142815049181,
      0.137519249821428,
      0.7417550563189106
    ],
    [
      -0.003090764030199803,
      0.8260695785543504,
      -0.25383987552223264,
      -0.9054692865708384,
      -0.05142436221808341,
      0.12346536774475118,
      0.0,
      0.6064336313771941,
      0.3526195229923616,
      -0.29837357041402895,
      1.0088864600598966,
      -0.17634525888575794,
      -0.5949122259643057,
      0.18235223683093973
    ],
    [
      0.4131471285098938,
      1.0531762493818222,
      -0.5981815886976782,
      -2.826923917060721,
      0.8682875906553698,
      -1.0679833842040178,
      0.6064336313771941,
      0.0,
      1.1819365991122341,
      -0.8679553207298055,
      0.5035264225382581,
      -1.80801344550271,
      0.7342428075106939,
      0.11688272775325806
    ],
    [
      -1.4899284380239404,
      0.07627496512344813,
      0.6298973309500207,
      -0.6019826622132742,
      0.05882051524018938,
      -0.31288736777555,
      0.3526195229923616,
      1.1819365991122341,
      0.0,
      -1.354838295852841,
      -0.27712858986026906,
      0.473464205474462,
      0.28585768394940164,
      0.07640493045949259
    ],
    [
      0.6378731587066562,
      1.1532793767758356,
      0.09083554796328082,
      0.9986007249322854,
      -0.7357769999071736,
      0.5751382697818669,
      -0.29837357041402895,
      -0.8679553207298055,
      -1.354838295852841,
      0.0,
      -0.5707064215143121,
      0.6495931941864085,
      -1.494563995990872,
      -0.26074156708724516
    ],
    [
      -0.5397763714602332,
      0.39915373494855394,
      0.00016945947627495264,
      2.1143502844442543,
      -0.09519441291430919,
      0.6653276886779246,
      1.0088864600598966,
      0.5035264225382581,
      -0.27712858986026906,
      -0.5707064215143121,
      0.0,
      0.08935448308620479,
      -0.9926652098760734,
      -0.08955470473942005
    ],
    [
      -1.056271271111609,
      0.21629961418396945,
      1.001171673869442,
      0.45090028951204153,
      -0.37534152111814095,
      -0.37142815049181,
      -0.17634525888575794,
      -1.80801344550271,
      0.473464205474462,
      0.6495931941864085,
      0.08935448308620479,
      0.0,
      0.05059439930813293,
      -0.15211004280027168
    ],
    [
      0.3698865142147312,
      1.3162610669739103,
      -0.24659980048438015,
      0.1525328660045269,
      -0.13802837044136096,
      0.137519249821428,
      -0.5949122259643057,
      0.7342428075106939,
      0.28585768394940164,
      -1.494563995990872,
      -0.9926652098760734,
      0.05059439930813293,
      0.0,
      0.09014162925584594
    ],
    [
      0.45025882285238034,
      -0.16497935817824788,
      -0.14846217845734777,
      0.1226077627141419,
      -0.4142834431823563,
      0.7417550563189106,
      0.18235223683093973,
      0.11688272775325806,
      0.07640493045949259,
      -0.26074156708724516,
      -0.08955470473942005,
      -0.15211004280027168,
      0.09014162925584594,
      0.0
    ]
  ],
  "diagnostics": {
    "ridge": 0.0001,
    "train_rmse": 0.0001726689436073734,
    "val_rmse": 4.318910028993989,
    "train_r2": 0.9999999994154368,
    "val_r2": 0.5062843807013133,
    "n_train": 54,
    "n_val": 18
  }
}