{
  "command": "Z:\\Papers\\quantum-low-thrust\\scripts\\run_feasibility_sweep.py --config configs/q1_candidate.yaml --resume --max-cases 0",
  "case_count": 8,
  "feasible_case_count": 0,
  "thresholds": {
    "nominal_success": 0.09,
    "selected_recovery_success": 0.17
  },
  "grid": {
    "transfer_time": [
      3.0,
      4.0,
      5.0
    ],
    "amax": [
      0.065,
      0.1,
      0.15,
      0.2
    ],
    "segments": [
      14,
      18,
      22
    ],
    "max_nfev": [
      120
    ]
  },
  "best_cases": [
    {
      "transfer_time": 4.0,
      "amax": 0.2,
      "segments": 14,
      "max_nfev": 120,
      "substeps_per_segment": 7,
      "selected_outages": 3,
      "multistart_enabled": true,
      "random_starts": 1,
      "schedule": 11111111111111,
      "base_nominal_error": 22.27449049867309,
      "base_worst_error": 23.84278654212506,
      "nominal_error": 0.2007562595922875,
      "selected_recovery_worst_error": 0.2309829024673083,
      "selected_worst_error": 0.2309829024673083,
      "all_outage_worst_error": 2.897476774721821,
      "all_mask_worst_error": 2.897476774721821,
      "nominal_threshold": 0.09,
      "selected_recovery_threshold": 0.17,
      "selected_worst_threshold": 0.17,
      "meets_nominal_threshold": false,
      "meets_selected_recovery_threshold": false,
      "meets_selected_worst_threshold": false,
      "meets_thresholds": false,
      "optimizer_success": false,
      "refinement_success": false,
      "best_initial_guess": "feedback",
      "cost": 0.0677362203131549,
      "nfev": 251,
      "best_attempt_nfev": 120,
      "runtime_seconds": 1635.427942899987,
      "control_max_norm": 0.2,
      "selected_outage_indices": "[15, 2, 22]",
      "selected_outage_errors": "[0.2309829024673083, 0.1646870143015817, 0.20823667732315654]",
      "all_outage_errors": "[2.4900010174350133, 2.545441663317402, 0.1646870143015817, 1.888321570373808, 1.805896818231979, 0.8219364082638176, 1.6157741551322216, 2.4985741800923904, 2.826074535510019, 2.195970766290144, 2.897476774721821, 1.364974310239004, 1.6859889043836642, 0.23090185307492744, 2.3361514122840195, 0.2309829024673083, 2.1899152093689485, 2.0572550351848773, 1.2188317802065776, 1.757199269869227, 2.725410477556636, 1.3846290246431947, 0.20823667732315654, 0.754674984418624, 1.6513021332172704, 0.6299543261401979, 1.3524235529039978]",
      "message": "The maximum number of function evaluations is exceeded."
    },
    {
      "transfer_time": 4.0,
      "amax": 0.3,
      "segments": 14,
      "max_nfev": 150,
      "substeps_per_segment": 7,
      "selected_outages": 3,
      "multistart_enabled": true,
      "random_starts": 1,
      "schedule": 11111111111111,
      "base_nominal_error": 2.4632810305576154,
      "base_worst_error": 44.76519952709839,
      "nominal_error": 0.1228651318249757,
      "selected_recovery_worst_error": 0.2782629878711763,
      "selected_worst_error": 0.2782629878711763,
      "all_outage_worst_error": 7.59618526445649,
      "all_mask_worst_error": 7.59618526445649,
      "nominal_threshold": 0.09,
      "selected_recovery_threshold": 0.17,
      "selected_worst_threshold": 0.17,
      "meets_nominal_threshold": false,
      "meets_selected_recovery_threshold": false,
      "meets_selected_worst_threshold": false,
      "meets_thresholds": false,
      "optimizer_success": false,
      "refinement_success": false,
      "best_initial_guess": "feedback",
      "cost": 0.0445450349463867,
      "nfev": 177,
      "best_attempt_nfev": 150,
      "runtime_seconds": 1102.4642669000025,
      "control_max_norm": 0.3,
      "selected_outage_indices": "[0, 1, 2]",
      "selected_outage_errors": "[0.07789995933690666, 0.06692180785078436, 0.2782629878711763]",
      "all_outage_errors": "[0.07789995933690666, 0.06692180785078436, 0.2782629878711763, 1.152665891730401, 1.6887023735872286, 0.6891102987717587, 1.0748813045072119, 0.7664665380289546, 1.4540440044683483, 1.3298721263313054, 0.8951898536607645, 0.4335151840987924, 0.21674563329983432, 0.2502950910583129, 7.59618526445649, 1.1082025553973547, 0.8748934426463755, 2.6541092600780365, 2.4120549319241147, 0.7375301065649064, 1.3814742194812701, 1.4464965917562822, 1.82490672589533, 0.804437378286615, 1.443453985236925, 0.3792750820785996, 0.37051949007460777]",
      "message": "The maximum number of function evaluations is exceeded."
    },
    {
      "transfer_time": 4.0,
      "amax": 0.3,
      "segments": 18,
      "max_nfev": 150,
      "substeps_per_segment": 7,
      "selected_outages": 3,
      "multistart_enabled": true,
      "random_starts": 0,
      "schedule": 111111111111111111,
      "base_nominal_error": 2.501475853720422,
      "base_worst_error": 41.43954500607708,
      "nominal_error": 0.2422999522235248,
      "selected_recovery_worst_error": 0.2823125068231351,
      "selected_worst_error": 0.2823125068231351,
      "all_outage_worst_error": 5.037909758170354,
      "all_mask_worst_error": 5.037909758170354,
      "nominal_threshold": 0.09,
      "selected_recovery_threshold": 0.17,
      "selected_worst_threshold": 0.17,
      "meets_nominal_threshold": false,
      "meets_selected_recovery_threshold": false,
      "meets_selected_worst_threshold": false,
      "meets_thresholds": false,
      "optimizer_success": true,
      "refinement_success": false,
      "best_initial_guess": "feedback",
      "cost": 0.0747393039707652,
      "nfev": 39,
      "best_attempt_nfev": 26,
      "runtime_seconds": 351.08863230000134,
      "control_max_norm": 0.3,
      "selected_outage_indices": "[0, 21, 19]",
      "selected_outage_errors": "[0.10194716208937218, 0.28231250682313513, 0.12798804248459852]",
      "all_outage_errors": "[0.10194716208937218, 1.4999056584627641, 2.150976873822113, 1.5136724728573894, 1.2526541620426366, 0.8945763278071995, 1.6469613829744274, 1.223214391103272, 1.5809466591628283, 1.0920107903741914, 0.890292388309463, 0.8516470918235776, 0.7054919625117008, 0.6092334347992667, 0.4337049267366054, 0.2582755864227523, 0.3073080495315751, 0.29741261689879145, 5.037909758170354, 0.12798804248459852, 1.914877655294661, 0.28231250682313513, 2.194488173269883, 1.331135124652361, 1.0045091990151889, 2.201454697092941, 1.5669329250222148, 1.45249669364971, 1.5048622647074472, 1.7343470515978363, 1.5538123186094088, 0.9890895013160084, 0.4344750172527279, 0.36403520535372913, 0.393034145962258]",
      "message": "`xtol` termination condition is satisfied."
    },
    {
      "transfer_time": 5.0,
      "amax": 0.3,
      "segments": 14,
      "max_nfev": 150,
      "substeps_per_segment": 7,
      "selected_outages": 3,
      "multistart_enabled": true,
      "random_starts": 0,
      "schedule": 11111111111111,
      "base_nominal_error": 1.8909068548017909,
      "base_worst_error": 254.48329818241035,
      "nominal_error": 0.5810197594101502,
      "selected_recovery_worst_error": 0.6326590263880056,
      "selected_worst_error": 0.6326590263880056,
      "all_outage_worst_error": 57.62163211319793,
      "all_mask_worst_error": 57.62163211319793,
      "nominal_threshold": 0.09,
      "selected_recovery_threshold": 0.17,
      "selected_worst_threshold": 0.17,
      "meets_nominal_threshold": false,
      "meets_selected_recovery_threshold": false,
      "meets_selected_worst_threshold": false,
      "meets_thresholds": false,
      "optimizer_success": true,
      "refinement_success": false,
      "best_initial_guess": "zero",
      "cost": 0.4213595701320409,
      "nfev": 30,
      "best_attempt_nfev": 18,
      "runtime_seconds": 88.50797979999334,
      "control_max_norm": 0.3,
      "selected_outage_indices": "[19, 2, 3]",
      "selected_outage_errors": "[0.6271409406483658, 0.3073063068615082, 0.6326590263880056]",