{
  "n": 12,
  "intercept": 10.778047194902651,
  "linear": [
    -1.48709298951019,
    -1.6420473095901946,
    -1.4131263823278744,
    -1.7027574062331179,
    -1.5072929003180553,
    -1.7964543880095742,
    -1.6024079299722547,
    -1.7020294802835259,
    -1.637847543035269,
    -1.7563209738544165,
    -1.9893259815535014,
    -1.744596592074815
  ],
  "quadratic_upper": [
    [
      0.0,
      0.13040322573964455,
      0.10695990359516458,
      0.17870079288877924,
      0.08247269658911492,
      0.09993580287470345,
      -0.017508293418072172,
      0.058208820317521344,
      0.049086328596758745,
      0.08437559555287853,
      -0.04055166587822773,
      0.06240044402896208
    ],
    [
      0.13040322573964455,
      0.0,
      0.032635951979988934,
      0.11351478472732698,
      0.06306818637446375,
      0.09966312300254666,
      0.017998319556249046,
      -0.005589541675276505,
      0.11594536697499118,
      0.12461923819441088,
      0.09725037012350109,
      0.08559383880075098
    ],
    [
      0.10695990359516458,
      0.032635951979988934,
      0.0,
      0.07419383340907845,
      0.019638677190027615,
      0.009746153674312402,
      0.030592259465393744,
      0.043313370791564894,
      0.17763360069936668,
      0.07267140110981034,
      0.07047277417789795,
      0.03963865905771341
    ],
    [
      0.17870079288877924,
      0.11351478472732698,
      0.07419383340907845,
      0.0,
      0.02979562969992481,
      0.17029984661649789,
      0.12118641501829902,
      0.020842792217642122,
      0.05005589848693223,
      0.018625971866357737,
      0.02601753492608814,
      0.1046812663790128
    ],
    [
      0.08247269658911492,
      0.06306818637446375,
      0.019638677190027615,
      0.02979562969992481,
      0.0,
      0.04714165457162303,
      -0.006596771302470836,
      0.10138486369382445,
      0.09549395785253645,
      0.08287399459646379,
      0.20020937689258453,
      0.06919891252847758
    ],
    [
      0.09993580287470345,
      0.09966312300254666,
      0.009746153674312402,
      0.17029984661649789,
      0.04714165457162303,
      0.0,
      0.05773596689505884,
      0.1447755752604668,
      0.07015323178346457,
      0.12814008839624103,
      0.11118507376603806,
      0.01601254899535792
    ],
    [
      -0.017508293418072172,
      0.017998319556249046,
      0.030592259465393744,
      0.12118641501829902,
      -0.006596771302470836,
      0.05773596689505884,
      0.0,
      0.043926178130587606,
      -0.004608145203629208,
      0.1885758585701088,
      0.1637005833188622,
      0.09102984617457051
    ],
    [
      0.058208820317521344,
      -0.005589541675276505,
      0.043313370791564894,
      0.020842792217642122,
      0.10138486369382445,
      0.1447755752604668,
      0.043926178130587606,
      0.0,
      0.03411460762043718,
      0.09196964462984306,
      0.12205125778919756,
      0.1688878242718933
    ],
    [
      0.049086328596758745,
      0.11594536697499118,
      0.17763360069936668,
      0.05005589848693223,
      0.09549395785253645,
      0.07015323178346457,
      -0.004608145203629208,
      0.03411460762043718,
      0.0,
      -0.013813227457399007,
      0.12924041035517184,
      0.13255754895804764
    ],
    [
      0.08437559555287853,
      0.12461923819441088,
      0.07267140110981034,
      0.018625971866357737,
      0.08287399459646379,
      0.12814008839624103,
      0.1885758585701088,
      0.09196964462984306,
      -0.013813227457399007,
      0.0,
      0.057484492536128376,
      -0.00045047775555635806
    ],
    [
      -0.04055166587822773,
      0.09725037012350109,
      0.07047277417789795,
      0.02601753492608814,
      0.20020937689258453,
      0.11118507376603806,
      0.1637005833188622,
      0.12205125778919756,
      0.12924041035517184,
      0.057484492536128376,
      0.0,
      0.09328973546009509
    ],
    [
      0.06240044402896208,
      0.08559383880075098,
      0.03963865905771341,
      0.1046812663790128,
      0.06919891252847758,
      0.01601254899535792,
      0.09102984617457051,
      0.1688878242718933,
      0.13255754895804764,
      -0.00045047775555635806,
      0.09328973546009509,
      0.0
    ]
  ],
  "diagnostics": {
    "ridge": 0.0001,
    "train_rmse": 8.225966346261479e-05,
    "val_rmse": 0.26527558838785875,
    "train_r2": 0.9999999975605306,
    "val_r2": 0.9590862556735614,
    "val_spearman": 0.9747826086956521,
    "val_pairwise_order_accuracy": 0.9384057971014492,
    "val_top_k": 5,
    "val_top_k_recall": 1.0,
    "n_train": 72,
    "n_val": 24
  }
}