{
  "accepted_branch_initialization_index": 0,
  "accepted_branch_initialization_is_fallback": false,
  "accepted_branch_initialization_kind": "nominal_post_outage",
  "accepted_branch_initialization_label": "nominal_post_outage",
  "accepted_branch_initialization_vector": null,
  "accepted_branch_weight_variant_index": 1,
  "accepted_branch_weight_variant_label": "terminal_only",
  "accepted_branch_weights": {
    "continuity": 0.0,
    "control": 0.0,
    "smooth": 0.0,
    "terminal": 4.0
  },
  "accepted_candidate": "optimizer",
  "accepted_cost": 1.1063434293076907e-11,
  "accepted_optimality": 7.72041711551664e-05,
  "accepted_variant_nfev": 24,
  "accepted_variant_runtime_seconds": 9.15075849997811,
  "amax": 1.0,
  "branch_control_count": 14,
  "branch_control_norm_diagnostics": {
    "control_bound_violation": 0.0,
    "control_norm_max": 1.0,
    "control_norm_mean": 0.5039309106711364,
    "control_norm_min": 0.0,
    "control_norms": [
      1.0,
      0.0,
      0.0,
      0.444307632680398,
      0.7233212471933949,
      0.7209836473961597,
      0.5242181711208893,
      0.3674666770514818,
      0.5854274630415267,
      0.2757123856784878,
      1.0,
      0.3468356645810287,
      0.24646139017021346,
      0.8202984704823291
    ]
  },
  "branch_controls": [
    [
      0.04537849250061255,
      -0.9894342176291927,
      0.13769793536171537
    ],
    [
      0.0,
      -0.0,
      0.0
    ],
    [
      0.0,
      0.0,
      -0.0
    ],
    [
      0.21506308255058282,
      -0.30162962187190356,
      -0.24530942540251718
    ],
    [
      0.7103883471496937,
      0.04734158545659292,
      -0.12767457523638245
    ],
    [
      0.5420451290312771,
      0.4098775017952544,
      -0.24084212967879473
    ],
    [
      -0.015308506685831353,
      0.5238675321112413,
      -0.011539036184075114
    ],
    [
      -0.1675078766441704,
      -0.09069344988071291,
      -0.31424125788023766
    ],
    [
      0.058276250346026355,
      -0.5825131796331133,
      -0.0027547563532298127
    ],
    [
      0.08156782067214245,
      0.26290482700215423,
      0.015654462184558758
    ],
    [
      0.10255697250727648,
      0.4644505278024452,
      0.8796407076836382
    ],
    [
      0.15392254360474347,
      0.056556131280508654,
      0.3056210608092832
    ],
    [
      0.14879613512156462,
      0.19638572537255622,
      0.005964384914993252
    ],
    [
      0.06247252876407126,
      0.08361898860975682,
      -0.8136305233761527
    ]
  ],
  "branch_controls_remove_zero_nominal": false,
  "branch_fallback_initialization_candidate_count": 0,
  "branch_fallback_initialization_configured_count": 6,
  "branch_fallback_initialization_enabled": true,
  "branch_fallback_initialization_evaluated_count": 0,
  "branch_fuel": 2.0157236426845455,
  "branch_initialization_fallbacks": [
    {
      "fallback_index": 0,
      "index": 1,
      "kind": "constant_vector",
      "label": "constant_y_plus_0p5",
      "vector": [
        0.0,
        0.5,
        0.0
      ]
    },
    {
      "fallback_index": 1,
      "index": 2,
      "kind": "constant_vector",
      "label": "constant_y_minus_0p5",
      "vector": [
        0.0,
        -0.5,
        0.0
      ]
    },
    {
      "fallback_index": 2,
      "index": 3,
      "kind": "constant_vector",
      "label": "constant_x_plus_0p5",
      "vector": [
        0.5,
        0.0,
        0.0
      ]
    },
    {
      "fallback_index": 3,
      "index": 4,
      "kind": "constant_vector",
      "label": "constant_x_minus_0p5",
      "vector": [
        -0.5,
        0.0,
        0.0
      ]
    },
    {
      "fallback_index": 4,
      "index": 5,
      "kind": "constant_vector",
      "label": "constant_y_plus_1",
      "vector": [
        0.0,
        1.0,
        0.0
      ]
    },
    {
      "fallback_index": 5,
      "index": 6,
      "kind": "constant_vector",
      "label": "constant_y_minus_1",
      "vector": [
        0.0,
        -1.0,
        0.0
      ]
    }
  ],
  "branch_initialization_variant_count": 7,
  "branch_missed_tail_indices": [],
  "branch_nominal_initialization_candidate_count": 2,
  "branch_note": "missed outage includes nonzero optimized-prefix nominal controls",
  "branch_order": 15,
  "branch_portfolio_candidate_all_optimizer_success": true,
  "branch_portfolio_candidate_count": 2,
  "branch_portfolio_candidate_optimizer_success_count": 2,
  "branch_portfolio_candidate_results": [
    {
      "accepted_candidate": "optimizer",
      "branch_fuel": 1.1334608341819796,
      "converged_threshold_feasible": true,
      "initialization_index": 0,
      "initialization_is_fallback": false,
      "initialization_kind": "nominal_post_outage",
      "initialization_label": "nominal_post_outage",
      "message": "`gtol` termination condition is satisfied.",
      "nfev": 114,
      "optimizer_ran": true,
      "optimizer_success": true,
      "robust_threshold": 0.17,
      "runtime_seconds": 65.9634963000135,
      "terminal_error": 6.760998797375035e-06,
      "threshold_feasible": true,
      "variant_index": 0,
      "variant_label": "regularized_001",
      "weights": {
        "continuity": 0.0,
        "control": 0.01,
        "smooth": 0.01,
        "terminal": 4.0
      }
    },
    {
      "accepted_candidate": "optimizer",
      "branch_fuel": 2.0157236426845455,
      "converged_threshold_feasible": true,
      "initialization_index": 0,
      "initialization_is_fallback": false,
      "initialization_kind": "nominal_post_outage",
      "initialization_label": "nominal_post_outage",
      "message": "`gtol` termination condition is satisfied.",
      "nfev": 24,
      "optimizer_ran": true,
      "optimizer_success": true,
      "robust_threshold": 0.17,
      "runtime_seconds": 9.15075849997811,
      "terminal_error": 1.1759801387075436e-06,
      "threshold_feasible": true,
      "variant_index": 1,
      "variant_label": "terminal_only",
      "weights": {
        "continuity": 0.0,
        "control": 0.0,
        "smooth": 0.0,
        "terminal": 4.0
      }
    }
  ],
  "branch_portfolio_enabled": true,
  "branch_portfolio_variant_count": 2,
  "branch_total_duration": 4.0,
  "branch_weight_variants": [],
  "branch_weights": {
    "continuity": 0.0,
    "control": 0.0,
    "smooth": 0.0,
    "terminal": 4.0
  },
  "config_hash": "d6f580e04bba77bc8ddf3d9e9b6dab942c914d4a19f31908a66cb5b62ceaaeed",
  "control_bound_violation": 0.0,
  "control_max_norm": 1.0,
  "cost": 1.1063434293076907e-11,
  "limitations": [
    "Branch-control replay repropagates persisted accepted controls in the normalized CR3BP model only.",
    "Replay does not rerun least-squares optimization, branch portfolio selection, fallback search, or schedule search.",
    "Replay is not high-fidelity validation, production solver parity, fuel optimality evidence, or quantum advantage evidence.",
    "The evidence scope is the configured fixed-final-time target, outage masks, thresholds, and CR3BP integration settings."
  ],
  "mask_index": 15,
  "message": "`gtol` termination condition is satisfied.",
  "nfev": 138,
  "no_recovery_variable_threshold_feasible": false,
  "nominal_dt": 0.2857142857142857,
  "optimality": 7.72041711551664e-05,
  "optimizer_ran": true,
  "optimizer_success": true,
  "outage_lengths": [
    1,
    2
  ],
  "outage_mask": [
    1,
    0,
    0,
    1,
    1,
    1,
    1,
    1,
    1,
    1,
    1,
    1,
    1,
    1
  ],
  "portfolio_acceptance_rule": "preferred optimizer_success=True nominal-start candidates with terminal_error <= robust_success; selected lowest terminal_error with fuel as tie-breaker; fallback initializations were not evaluated",
  "portfolio_converged_threshold_feasible_candidate_count": 2,
  "portfolio_nominal_converged_threshold_feasible_candidate_count": 2,
  "portfolio_robust_threshold": 0.17,
  "recovery_control_norm_diagnostics": {
    "control_bound_violation": 0.0,
    "control_norm_max": 1.0,