{
  "accepted_branch_initialization_index": 0,
  "accepted_branch_initialization_is_fallback": false,
  "accepted_branch_initialization_kind": "nominal_post_outage",
  "accepted_branch_initialization_label": "nominal_post_outage",
  "accepted_branch_initialization_vector": null,
  "accepted_branch_weight_variant_index": 0,
  "accepted_branch_weight_variant_label": "regularized_001",
  "accepted_branch_weights": {
    "continuity": 0.0,
    "control": 0.01,
    "smooth": 0.01,
    "terminal": 4.0
  },
  "accepted_candidate": "optimizer",
  "accepted_cost": 2.846652612206104e-05,
  "accepted_optimality": 0.00017618883021119957,
  "accepted_variant_nfev": 105,
  "accepted_variant_runtime_seconds": 40.68549180001719,
  "amax": 1.0,
  "branch_control_count": 14,
  "branch_control_norm_diagnostics": {
    "control_bound_violation": 0.0,
    "control_norm_max": 1.0,
    "control_norm_mean": 0.4497981918493003,
    "control_norm_min": 0.0,
    "control_norms": [
      1.0,
      0.8794827239561418,
      0.9999999999999999,
      0.6288628582057902,
      0.8119648107046912,
      0.0,
      0.30707966751497623,
      0.2438876139151281,
      0.1894722049063388,
      0.17987408963209572,
      0.20522524814472073,
      0.24068233096744898,
      0.283965147446901,
      0.3266779904959725
    ]
  },
  "branch_controls": [
    [
      0.04537849250061255,
      -0.9894342176291927,
      0.13769793536171537
    ],
    [
      0.255008791197396,
      -0.8024189699363963,
      0.25413416699761315
    ],
    [
      0.6209233378202801,
      0.7774436128676528,
      -0.10017802833662297
    ],
    [
      0.2515364330260006,
      -0.4248469009899892,
      -0.3894907290430858
    ],
    [
      0.7808746925148342,
      -0.047700585967263405,
      -0.2173619619688499
    ],
    [
      0.0,
      0.0,
      -0.0
    ],
    [
      0.21665634550373075,
      -0.1936105885424885,
      -0.09936241823902842
    ],
    [
      0.12333190354450548,
      -0.15603428038491082,
      -0.14115138374832323
    ],
    [
      0.042498369738650565,
      -0.06314966422208182,
      -0.1735100138616354
    ],
    [
      -0.0040053822235922845,
      0.03512025465650841,
      -0.17636669965466875
    ],
    [
      -0.052100413339974644,
      0.0599081437454848,
      -0.18924577596035352
    ],
    [
      -0.09987454975546141,
      0.016535451311221874,
      -0.21835667519222474
    ],
    [
      -0.16355238088596688,
      -0.0358222860218655,
      -0.2293547198015325
    ],
    [
      -0.22958899541460634,
      -0.05936451649854424,
      -0.2246847944118441
    ]
  ],
  "branch_controls_remove_zero_nominal": false,
  "branch_fallback_initialization_candidate_count": 0,
  "branch_fallback_initialization_configured_count": 6,
  "branch_fallback_initialization_enabled": true,
  "branch_fallback_initialization_evaluated_count": 0,
  "branch_fuel": 1.799192767397201,
  "branch_initialization_fallbacks": [
    {
      "fallback_index": 0,
      "index": 1,
      "kind": "constant_vector",
      "label": "constant_y_plus_0p5",
      "vector": [
        0.0,
        0.5,
        0.0
      ]
    },
    {
      "fallback_index": 1,
      "index": 2,
      "kind": "constant_vector",
      "label": "constant_y_minus_0p5",
      "vector": [
        0.0,
        -0.5,
        0.0
      ]
    },
    {
      "fallback_index": 2,
      "index": 3,
      "kind": "constant_vector",
      "label": "constant_x_plus_0p5",
      "vector": [
        0.5,
        0.0,
        0.0
      ]
    },
    {
      "fallback_index": 3,
      "index": 4,
      "kind": "constant_vector",
      "label": "constant_x_minus_0p5",
      "vector": [
        -0.5,
        0.0,
        0.0
      ]
    },
    {
      "fallback_index": 4,
      "index": 5,
      "kind": "constant_vector",
      "label": "constant_y_plus_1",
      "vector": [
        0.0,
        1.0,
        0.0
      ]
    },
    {
      "fallback_index": 5,
      "index": 6,
      "kind": "constant_vector",
      "label": "constant_y_minus_1",
      "vector": [
        0.0,
        -1.0,
        0.0
      ]
    }
  ],
  "branch_initialization_variant_count": 7,
  "branch_missed_tail_indices": [],
  "branch_nominal_initialization_candidate_count": 2,
  "branch_note": "missed outage includes nonzero optimized-prefix nominal controls",
  "branch_order": 5,
  "branch_portfolio_candidate_all_optimizer_success": true,
  "branch_portfolio_candidate_count": 2,
  "branch_portfolio_candidate_optimizer_success_count": 2,
  "branch_portfolio_candidate_results": [
    {
      "accepted_candidate": "optimizer",
      "branch_fuel": 1.799192767397201,
      "converged_threshold_feasible": true,
      "initialization_index": 0,
      "initialization_is_fallback": false,
      "initialization_kind": "nominal_post_outage",
      "initialization_label": "nominal_post_outage",
      "message": "`ftol` termination condition is satisfied.",
      "nfev": 105,
      "optimizer_ran": true,
      "optimizer_success": true,
      "robust_threshold": 0.17,
      "runtime_seconds": 40.68549180001719,
      "terminal_error": 1.4634779182819704e-05,
      "threshold_feasible": true,
      "variant_index": 0,
      "variant_label": "regularized_001",
      "weights": {
        "continuity": 0.0,
        "control": 0.01,
        "smooth": 0.01,
        "terminal": 4.0
      }
    },
    {
      "accepted_candidate": "optimizer",
      "branch_fuel": 2.968205002551106,
      "converged_threshold_feasible": true,
      "initialization_index": 0,
      "initialization_is_fallback": false,
      "initialization_kind": "nominal_post_outage",
      "initialization_label": "nominal_post_outage",
      "message": "`xtol` termination condition is satisfied.",
      "nfev": 24,
      "optimizer_ran": true,
      "optimizer_success": true,
      "robust_threshold": 0.17,
      "runtime_seconds": 6.555212999985088,
      "terminal_error": 3.48906054253864e-05,
      "threshold_feasible": true,
      "variant_index": 1,
      "variant_label": "terminal_only",
      "weights": {
        "continuity": 0.0,
        "control": 0.0,
        "smooth": 0.0,
        "terminal": 4.0
      }
    }
  ],
  "branch_portfolio_enabled": true,
  "branch_portfolio_variant_count": 2,
  "branch_total_duration": 4.0,
  "branch_weight_variants": [],
  "branch_weights": {
    "continuity": 0.0,
    "control": 0.01,
    "smooth": 0.01,
    "terminal": 4.0
  },
  "config_hash": "d6f580e04bba77bc8ddf3d9e9b6dab942c914d4a19f31908a66cb5b62ceaaeed",
  "control_bound_violation": 0.0,
  "control_max_norm": 1.0,
  "cost": 2.846652612206104e-05,
  "limitations": [
    "Branch-control replay repropagates persisted accepted controls in the normalized CR3BP model only.",
    "Replay does not rerun least-squares optimization, branch portfolio selection, fallback search, or schedule search.",
    "Replay is not high-fidelity validation, production solver parity, fuel optimality evidence, or quantum advantage evidence.",
    "The evidence scope is the configured fixed-final-time target, outage masks, thresholds, and CR3BP integration settings."
  ],
  "mask_index": 5,
  "message": "`ftol` termination condition is satisfied.",
  "nfev": 129,
  "no_recovery_variable_threshold_feasible": false,
  "nominal_dt": 0.2857142857142857,
  "optimality": 0.00017618883021119957,
  "optimizer_ran": true,
  "optimizer_success": true,
  "outage_lengths": [
    1,
    2
  ],
  "outage_mask": [
    1,
    1,
    1,
    1,
    1,
    0,
    1,
    1,
    1,
    1,
    1,
    1,
    1,
    1
  ],
  "portfolio_acceptance_rule": "preferred optimizer_success=True nominal-start candidates with terminal_error <= robust_success; selected lowest terminal_error with fuel as tie-breaker; fallback initializations were not evaluated",
  "portfolio_converged_threshold_feasible_candidate_count": 2,
  "portfolio_nominal_converged_threshold_feasible_candidate_count": 2,
  "portfolio_robust_threshold": 0.17,