{
  "accepted_branch_initialization_index": 0,
  "accepted_branch_initialization_is_fallback": false,
  "accepted_branch_initialization_kind": "nominal_post_outage",
  "accepted_branch_initialization_label": "nominal_post_outage",
  "accepted_branch_initialization_vector": null,
  "accepted_branch_weight_variant_index": 1,
  "accepted_branch_weight_variant_label": "terminal_only",
  "accepted_branch_weights": {
    "continuity": 0.0,
    "control": 0.0,
    "smooth": 0.0,
    "terminal": 4.0
  },
  "accepted_candidate": "optimizer",
  "accepted_cost": 3.559239496166114e-05,
  "accepted_optimality": 0.031916182925210215,
  "accepted_variant_nfev": 21,
  "accepted_variant_runtime_seconds": 18.135404700005893,
  "amax": 1.0,
  "branch_control_count": 14,
  "branch_control_norm_diagnostics": {
    "control_bound_violation": 0.0,
    "control_norm_max": 1.0,
    "control_norm_mean": 0.7080197172675479,
    "control_norm_min": 0.0,
    "control_norms": [
      1.0,
      0.0,
      0.8463949463887785,
      0.6373616674878974,
      0.6673324843311574,
      1.0,
      0.8202009679053346,
      0.9999999999999999,
      0.9999999999999999,
      0.9873511142029211,
      0.22480068471589804,
      0.5243429426370508,
      0.7234844389374824,
      0.4810067951391496
    ]
  },
  "branch_controls": [
    [
      0.04537849250061255,
      -0.9894342176291927,
      0.13769793536171537
    ],
    [
      0.0,
      -0.0,
      0.0
    ],
    [
      0.5983834859802115,
      0.5754174885355827,
      -0.16497370355919141
    ],
    [
      0.08211024609157355,
      -0.4520911233811366,
      -0.44170286260077163
    ],
    [
      0.50162303548372,
      -0.3233761638359681,
      -0.29855457052007467
    ],
    [
      0.3112399316081633,
      0.18212848825713637,
      -0.9327158831807872
    ],
    [
      -0.1409412180371689,
      0.1985914344586527,
      0.7832155788610832
    ],
    [
      -0.3644147011211181,
      -0.8871362077132023,
      0.28318063947071653
    ],
    [
      -0.13656387438285725,
      -0.7383902072694588,
      -0.6604015521045575
    ],
    [
      -0.18881985649900165,
      0.12714753127269915,
      0.9607511591461674
    ],
    [
      0.08972428499640889,
      0.11003363568819802,
      0.17429142132605582
    ],
    [
      0.3369796681760896,
      0.2558965607465972,
      -0.30967268999263914
    ],
    [
      0.06219954402550563,
      0.19920845764344422,
      -0.6927315067982854
    ],
    [
      -0.1756199454655144,
      -0.39846178896800905,
      -0.20433642469500984
    ]
  ],
  "branch_controls_remove_zero_nominal": false,
  "branch_fallback_initialization_candidate_count": 0,
  "branch_fallback_initialization_configured_count": 6,
  "branch_fallback_initialization_enabled": true,
  "branch_fallback_initialization_evaluated_count": 0,
  "branch_fuel": 2.8320788690701915,
  "branch_initialization_fallbacks": [
    {
      "fallback_index": 0,
      "index": 1,
      "kind": "constant_vector",
      "label": "constant_y_plus_0p5",
      "vector": [
        0.0,
        0.5,
        0.0
      ]
    },
    {
      "fallback_index": 1,
      "index": 2,
      "kind": "constant_vector",
      "label": "constant_y_minus_0p5",
      "vector": [
        0.0,
        -0.5,
        0.0
      ]
    },
    {
      "fallback_index": 2,
      "index": 3,
      "kind": "constant_vector",
      "label": "constant_x_plus_0p5",
      "vector": [
        0.5,
        0.0,
        0.0
      ]
    },
    {
      "fallback_index": 3,
      "index": 4,
      "kind": "constant_vector",
      "label": "constant_x_minus_0p5",
      "vector": [
        -0.5,
        0.0,
        0.0
      ]
    },
    {
      "fallback_index": 4,
      "index": 5,
      "kind": "constant_vector",
      "label": "constant_y_plus_1",
      "vector": [
        0.0,
        1.0,
        0.0
      ]
    },
    {
      "fallback_index": 5,
      "index": 6,
      "kind": "constant_vector",
      "label": "constant_y_minus_1",
      "vector": [
        0.0,
        -1.0,
        0.0
      ]
    }
  ],
  "branch_initialization_variant_count": 7,
  "branch_missed_tail_indices": [],
  "branch_nominal_initialization_candidate_count": 2,
  "branch_note": "missed outage includes nonzero optimized-prefix nominal controls",
  "branch_order": 1,
  "branch_portfolio_candidate_all_optimizer_success": false,
  "branch_portfolio_candidate_count": 2,
  "branch_portfolio_candidate_optimizer_success_count": 1,
  "branch_portfolio_candidate_results": [
    {
      "accepted_candidate": "optimizer",
      "branch_fuel": 1.5932121583167842,
      "converged_threshold_feasible": false,
      "initialization_index": 0,
      "initialization_is_fallback": false,
      "initialization_kind": "nominal_post_outage",
      "initialization_label": "nominal_post_outage",
      "message": "The maximum number of function evaluations is exceeded.",
      "nfev": 220,
      "optimizer_ran": true,
      "optimizer_success": false,
      "robust_threshold": 0.17,
      "runtime_seconds": 187.5030076999974,
      "terminal_error": 3.973799661790292e-05,
      "threshold_feasible": true,
      "variant_index": 0,
      "variant_label": "regularized_001",
      "weights": {
        "continuity": 0.0,
        "control": 0.01,
        "smooth": 0.01,
        "terminal": 4.0
      }
    },
    {
      "accepted_candidate": "optimizer",
      "branch_fuel": 2.8320788690701915,
      "converged_threshold_feasible": true,
      "initialization_index": 0,
      "initialization_is_fallback": false,
      "initialization_kind": "nominal_post_outage",
      "initialization_label": "nominal_post_outage",
      "message": "`xtol` termination condition is satisfied.",
      "nfev": 21,
      "optimizer_ran": true,
      "optimizer_success": true,
      "robust_threshold": 0.17,
      "runtime_seconds": 18.135404700005893,
      "terminal_error": 0.0021092769780679923,
      "threshold_feasible": true,
      "variant_index": 1,
      "variant_label": "terminal_only",
      "weights": {
        "continuity": 0.0,
        "control": 0.0,
        "smooth": 0.0,
        "terminal": 4.0
      }
    }
  ],
  "branch_portfolio_enabled": true,
  "branch_portfolio_variant_count": 2,
  "branch_total_duration": 4.0,
  "branch_weight_variants": [],
  "branch_weights": {
    "continuity": 0.0,
    "control": 0.0,
    "smooth": 0.0,
    "terminal": 4.0
  },
  "config_hash": "d6f580e04bba77bc8ddf3d9e9b6dab942c914d4a19f31908a66cb5b62ceaaeed",
  "control_bound_violation": 0.0,
  "control_max_norm": 1.0,
  "cost": 3.559239496166114e-05,
  "limitations": [
    "Branch-control replay repropagates persisted accepted controls in the normalized CR3BP model only.",
    "Replay does not rerun least-squares optimization, branch portfolio selection, fallback search, or schedule search.",
    "Replay is not high-fidelity validation, production solver parity, fuel optimality evidence, or quantum advantage evidence.",
    "The evidence scope is the configured fixed-final-time target, outage masks, thresholds, and CR3BP integration settings."
  ],
  "mask_index": 1,
  "message": "`xtol` termination condition is satisfied.",
  "nfev": 241,
  "no_recovery_variable_threshold_feasible": false,
  "nominal_dt": 0.2857142857142857,
  "optimality": 0.031916182925210215,
  "optimizer_ran": true,
  "optimizer_success": true,
  "outage_lengths": [
    1,
    2
  ],
  "outage_mask": [
    1,
    0,
    1,
    1,
    1,
    1,
    1,
    1,
    1,
    1,
    1,
    1,
    1,
    1
  ],
  "portfolio_acceptance_rule": "preferred optimizer_success=True nominal-start candidates with terminal_error <= robust_success; selected lowest terminal_error with fuel as tie-breaker; fallback initializations were not evaluated",
  "portfolio_converged_threshold_feasible_candidate_count": 1,
  "portfolio_nominal_converged_threshold_feasible_candidate_count": 1,
  "portfolio_robust_threshold": 0.17,