{
  "accepted_branch_initialization_index": 0,
  "accepted_branch_initialization_is_fallback": false,
  "accepted_branch_initialization_kind": "nominal_post_outage",
  "accepted_branch_initialization_label": "nominal_post_outage",
  "accepted_branch_initialization_vector": null,
  "accepted_branch_weight_variant_index": 1,
  "accepted_branch_weight_variant_label": "terminal_only",
  "accepted_branch_weights": {
    "continuity": 0.0,
    "control": 0.0,
    "smooth": 0.0,
    "terminal": 4.0
  },
  "accepted_candidate": "optimizer",
  "accepted_cost": 1.8545310141888225e-12,
  "accepted_optimality": 2.4663851243279737e-05,
  "accepted_variant_nfev": 32,
  "accepted_variant_runtime_seconds": 12.014489299996058,
  "amax": 1.0,
  "branch_control_count": 14,
  "branch_control_norm_diagnostics": {
    "control_bound_violation": 0.0,
    "control_norm_max": 1.0,
    "control_norm_mean": 0.7351696027814519,
    "control_norm_min": 0.0,
    "control_norms": [
      1.0,
      0.8794827239561418,
      0.9999999999999999,
      0.6288628582057902,
      0.0,
      0.0,
      1.0,
      0.9867796743926731,
      0.7416266040982525,
      1.0,
      0.43802626273357287,
      1.0,
      0.6175963155538963,
      0.9999999999999999
    ]
  },
  "branch_controls": [
    [
      0.04537849250061255,
      -0.9894342176291927,
      0.13769793536171537
    ],
    [
      0.255008791197396,
      -0.8024189699363963,
      0.25413416699761315
    ],
    [
      0.6209233378202801,
      0.7774436128676528,
      -0.10017802833662297
    ],
    [
      0.2515364330260006,
      -0.4248469009899892,
      -0.3894907290430858
    ],
    [
      0.0,
      -0.0,
      -0.0
    ],
    [
      0.0,
      0.0,
      -0.0
    ],
    [
      0.7494138682320675,
      0.6415935306570192,
      0.16351328851353436
    ],
    [
      0.6709882907482096,
      -0.12918797345028726,
      -0.7119124292980942
    ],
    [
      0.35296111466197827,
      -0.47390473638038955,
      0.44815485301301117
    ],
    [
      0.6264541545496234,
      0.11013245242382824,
      0.7716385391947643
    ],
    [
      -0.24205839059119605,
      -0.10926094484530216,
      -0.3483343054025153
    ],
    [
      0.5343340072457144,
      0.7416600482427151,
      0.4054966603331651
    ],
    [
      0.3658436534243526,
      0.09530938562066965,
      0.4883643632038281
    ],
    [
      -0.02942723282587721,
      0.6523170583061144,
      -0.7573747377692688
    ]
  ],
  "branch_controls_remove_zero_nominal": false,
  "branch_fallback_initialization_candidate_count": 0,
  "branch_fallback_initialization_configured_count": 6,
  "branch_fallback_initialization_enabled": true,
  "branch_fallback_initialization_evaluated_count": 0,
  "branch_fuel": 2.9406784111258073,
  "branch_initialization_fallbacks": [
    {
      "fallback_index": 0,
      "index": 1,
      "kind": "constant_vector",
      "label": "constant_y_plus_0p5",
      "vector": [
        0.0,
        0.5,
        0.0
      ]
    },
    {
      "fallback_index": 1,
      "index": 2,
      "kind": "constant_vector",
      "label": "constant_y_minus_0p5",
      "vector": [
        0.0,
        -0.5,
        0.0
      ]
    },
    {
      "fallback_index": 2,
      "index": 3,
      "kind": "constant_vector",
      "label": "constant_x_plus_0p5",
      "vector": [
        0.5,
        0.0,
        0.0
      ]
    },
    {
      "fallback_index": 3,
      "index": 4,
      "kind": "constant_vector",
      "label": "constant_x_minus_0p5",
      "vector": [
        -0.5,
        0.0,
        0.0
      ]
    },
    {
      "fallback_index": 4,
      "index": 5,
      "kind": "constant_vector",
      "label": "constant_y_plus_1",
      "vector": [
        0.0,
        1.0,
        0.0
      ]
    },
    {
      "fallback_index": 5,
      "index": 6,
      "kind": "constant_vector",
      "label": "constant_y_minus_1",
      "vector": [
        0.0,
        -1.0,
        0.0
      ]
    }
  ],
  "branch_initialization_variant_count": 7,
  "branch_missed_tail_indices": [],
  "branch_nominal_initialization_candidate_count": 2,
  "branch_note": "missed outage includes nonzero optimized-prefix nominal controls",
  "branch_order": 18,
  "branch_portfolio_candidate_all_optimizer_success": true,
  "branch_portfolio_candidate_count": 2,
  "branch_portfolio_candidate_optimizer_success_count": 2,
  "branch_portfolio_candidate_results": [
    {
      "accepted_candidate": "optimizer",
      "branch_fuel": 2.1333361073122514,
      "converged_threshold_feasible": true,
      "initialization_index": 0,
      "initialization_is_fallback": false,
      "initialization_kind": "nominal_post_outage",
      "initialization_label": "nominal_post_outage",
      "message": "`gtol` termination condition is satisfied.",
      "nfev": 63,
      "optimizer_ran": true,
      "optimizer_success": true,
      "robust_threshold": 0.17,
      "runtime_seconds": 28.010180200013565,
      "terminal_error": 1.7093129487441305e-05,
      "threshold_feasible": true,
      "variant_index": 0,
      "variant_label": "regularized_001",
      "weights": {
        "continuity": 0.0,
        "control": 0.01,
        "smooth": 0.01,
        "terminal": 4.0
      }
    },
    {
      "accepted_candidate": "optimizer",
      "branch_fuel": 2.9406784111258073,
      "converged_threshold_feasible": true,
      "initialization_index": 0,
      "initialization_is_fallback": false,
      "initialization_kind": "nominal_post_outage",
      "initialization_label": "nominal_post_outage",
      "message": "`gtol` termination condition is satisfied.",
      "nfev": 32,
      "optimizer_ran": true,
      "optimizer_success": true,
      "robust_threshold": 0.17,
      "runtime_seconds": 12.014489299996058,
      "terminal_error": 4.814731319332396e-07,
      "threshold_feasible": true,
      "variant_index": 1,
      "variant_label": "terminal_only",
      "weights": {
        "continuity": 0.0,
        "control": 0.0,
        "smooth": 0.0,
        "terminal": 4.0
      }
    }
  ],
  "branch_portfolio_enabled": true,
  "branch_portfolio_variant_count": 2,
  "branch_total_duration": 4.0,
  "branch_weight_variants": [],
  "branch_weights": {
    "continuity": 0.0,
    "control": 0.0,
    "smooth": 0.0,
    "terminal": 4.0
  },
  "config_hash": "d6f580e04bba77bc8ddf3d9e9b6dab942c914d4a19f31908a66cb5b62ceaaeed",
  "control_bound_violation": 0.0,
  "control_max_norm": 1.0,
  "cost": 1.8545310141888225e-12,
  "limitations": [
    "Branch-control replay repropagates persisted accepted controls in the normalized CR3BP model only.",
    "Replay does not rerun least-squares optimization, branch portfolio selection, fallback search, or schedule search.",
    "Replay is not high-fidelity validation, production solver parity, fuel optimality evidence, or quantum advantage evidence.",
    "The evidence scope is the configured fixed-final-time target, outage masks, thresholds, and CR3BP integration settings."
  ],
  "mask_index": 18,
  "message": "`gtol` termination condition is satisfied.",
  "nfev": 95,
  "no_recovery_variable_threshold_feasible": false,
  "nominal_dt": 0.2857142857142857,
  "optimality": 2.4663851243279737e-05,
  "optimizer_ran": true,
  "optimizer_success": true,
  "outage_lengths": [
    1,
    2
  ],
  "outage_mask": [
    1,
    1,
    1,
    1,
    0,
    0,
    1,
    1,
    1,
    1,
    1,
    1,
    1,
    1
  ],
  "portfolio_acceptance_rule": "preferred optimizer_success=True nominal-start candidates with terminal_error <= robust_success; selected lowest terminal_error with fuel as tie-breaker; fallback initializations were not evaluated",
  "portfolio_converged_threshold_feasible_candidate_count": 2,
  "portfolio_nominal_converged_threshold_feasible_candidate_count": 2,
  "portfolio_robust_threshold": 0.17,
  "recovery_control_norm_diagnostics": {
    "control_bound_violation": 0.0,
    "control_norm_max": 1.0,
    "control_norm_mean": 0.8480036070972994,