{
  "accepted_branch_initialization_index": 0,
  "accepted_branch_initialization_is_fallback": false,
  "accepted_branch_initialization_kind": "nominal_post_outage",
  "accepted_branch_initialization_label": "nominal_post_outage",
  "accepted_branch_initialization_vector": null,
  "accepted_branch_weight_variant_index": 1,
  "accepted_branch_weight_variant_label": "terminal_only",
  "accepted_branch_weights": {
    "continuity": 0.0,
    "control": 0.0,
    "smooth": 0.0,
    "terminal": 4.0
  },
  "accepted_candidate": "optimizer",
  "accepted_cost": 5.168024943623224e-12,
  "accepted_optimality": 2.109434865107458e-06,
  "accepted_variant_nfev": 21,
  "accepted_variant_runtime_seconds": 5.0870797999959905,
  "amax": 1.0,
  "branch_control_count": 14,
  "branch_control_norm_diagnostics": {
    "control_bound_violation": 0.0,
    "control_norm_max": 1.0,
    "control_norm_mean": 0.5721982672166319,
    "control_norm_min": 0.0,
    "control_norms": [
      1.0,
      0.8794827239561418,
      0.9999999999999999,
      0.6288628582057902,
      0.8119648107046912,
      0.8177366721850878,
      0.0,
      0.6192310795488498,
      0.9118690426268417,
      0.21683604629345948,
      0.1978675938432117,
      0.219156736362388,
      0.3813617348622006,
      0.32640644244418326
    ]
  },
  "branch_controls": [
    [
      0.04537849250061255,
      -0.9894342176291927,
      0.13769793536171537
    ],
    [
      0.255008791197396,
      -0.8024189699363963,
      0.25413416699761315
    ],
    [
      0.6209233378202801,
      0.7774436128676528,
      -0.10017802833662297
    ],
    [
      0.2515364330260006,
      -0.4248469009899892,
      -0.3894907290430858
    ],
    [
      0.7808746925148342,
      -0.047700585967263405,
      -0.2173619619688499
    ],
    [
      0.5998330681851368,
      0.29571759547024556,
      -0.47057906782733444
    ],
    [
      0.0,
      0.0,
      -0.0
    ],
    [
      -0.3360697217362655,
      -0.30538937233150437,
      -0.42100071648194715
    ],
    [
      -0.1433841556348345,
      -0.7958280157533761,
      -0.42143078216490365
    ],
    [
      -0.06810057471878518,
      -0.2016932987266275,
      -0.04123100706897496
    ],
    [
      -0.010380702338740593,
      -0.19758837985774882,
      -0.0016302936688240594
    ],
    [
      -0.17632318827502652,
      -0.13014281430038654,
      0.0016298022941099582
    ],
    [
      0.35327487706167304,
      -0.007198073245515179,
      -0.14346366019211762
    ],
    [
      -0.16789947161075042,
      -0.11401673111360364,
      -0.2556386475634444
    ]
  ],
  "branch_controls_remove_zero_nominal": false,
  "branch_fallback_initialization_candidate_count": 0,
  "branch_fallback_initialization_configured_count": 6,
  "branch_fallback_initialization_enabled": true,
  "branch_fallback_initialization_evaluated_count": 0,
  "branch_fuel": 2.2887930688665272,
  "branch_initialization_fallbacks": [
    {
      "fallback_index": 0,
      "index": 1,
      "kind": "constant_vector",
      "label": "constant_y_plus_0p5",
      "vector": [
        0.0,
        0.5,
        0.0
      ]
    },
    {
      "fallback_index": 1,
      "index": 2,
      "kind": "constant_vector",
      "label": "constant_y_minus_0p5",
      "vector": [
        0.0,
        -0.5,
        0.0
      ]
    },
    {
      "fallback_index": 2,
      "index": 3,
      "kind": "constant_vector",
      "label": "constant_x_plus_0p5",
      "vector": [
        0.5,
        0.0,
        0.0
      ]
    },
    {
      "fallback_index": 3,
      "index": 4,
      "kind": "constant_vector",
      "label": "constant_x_minus_0p5",
      "vector": [
        -0.5,
        0.0,
        0.0
      ]
    },
    {
      "fallback_index": 4,
      "index": 5,
      "kind": "constant_vector",
      "label": "constant_y_plus_1",
      "vector": [
        0.0,
        1.0,
        0.0
      ]
    },
    {
      "fallback_index": 5,
      "index": 6,
      "kind": "constant_vector",
      "label": "constant_y_minus_1",
      "vector": [
        0.0,
        -1.0,
        0.0
      ]
    }
  ],
  "branch_initialization_variant_count": 7,
  "branch_missed_tail_indices": [],
  "branch_nominal_initialization_candidate_count": 2,
  "branch_note": "missed outage includes nonzero optimized-prefix nominal controls",
  "branch_order": 6,
  "branch_portfolio_candidate_all_optimizer_success": false,
  "branch_portfolio_candidate_count": 2,
  "branch_portfolio_candidate_optimizer_success_count": 1,
  "branch_portfolio_candidate_results": [
    {
      "accepted_candidate": "optimizer",
      "branch_fuel": 2.0155718566598533,
      "converged_threshold_feasible": false,
      "initialization_index": 0,
      "initialization_is_fallback": false,
      "initialization_kind": "nominal_post_outage",
      "initialization_label": "nominal_post_outage",
      "message": "The maximum number of function evaluations is exceeded.",
      "nfev": 220,
      "optimizer_ran": true,
      "optimizer_success": false,
      "robust_threshold": 0.17,
      "runtime_seconds": 79.99254129998735,
      "terminal_error": 2.1780939895444302e-05,
      "threshold_feasible": true,
      "variant_index": 0,
      "variant_label": "regularized_001",
      "weights": {
        "continuity": 0.0,
        "control": 0.01,
        "smooth": 0.01,
        "terminal": 4.0
      }
    },
    {
      "accepted_candidate": "optimizer",
      "branch_fuel": 2.2887930688665272,
      "converged_threshold_feasible": true,
      "initialization_index": 0,
      "initialization_is_fallback": false,
      "initialization_kind": "nominal_post_outage",
      "initialization_label": "nominal_post_outage",
      "message": "`gtol` termination condition is satisfied.",
      "nfev": 21,
      "optimizer_ran": true,
      "optimizer_success": true,
      "robust_threshold": 0.17,
      "runtime_seconds": 5.0870797999959905,
      "terminal_error": 8.037431915437312e-07,
      "threshold_feasible": true,
      "variant_index": 1,
      "variant_label": "terminal_only",
      "weights": {
        "continuity": 0.0,
        "control": 0.0,
        "smooth": 0.0,
        "terminal": 4.0
      }
    }
  ],
  "branch_portfolio_enabled": true,
  "branch_portfolio_variant_count": 2,
  "branch_total_duration": 4.0,
  "branch_weight_variants": [],
  "branch_weights": {
    "continuity": 0.0,
    "control": 0.0,
    "smooth": 0.0,
    "terminal": 4.0
  },
  "config_hash": "d6f580e04bba77bc8ddf3d9e9b6dab942c914d4a19f31908a66cb5b62ceaaeed",
  "control_bound_violation": 0.0,
  "control_max_norm": 1.0,
  "cost": 5.168024943623224e-12,
  "limitations": [
    "Branch-control replay repropagates persisted accepted controls in the normalized CR3BP model only.",
    "Replay does not rerun least-squares optimization, branch portfolio selection, fallback search, or schedule search.",
    "Replay is not high-fidelity validation, production solver parity, fuel optimality evidence, or quantum advantage evidence.",
    "The evidence scope is the configured fixed-final-time target, outage masks, thresholds, and CR3BP integration settings."
  ],
  "mask_index": 6,
  "message": "`gtol` termination condition is satisfied.",
  "nfev": 241,
  "no_recovery_variable_threshold_feasible": false,
  "nominal_dt": 0.2857142857142857,
  "optimality": 2.109434865107458e-06,
  "optimizer_ran": true,
  "optimizer_success": true,
  "outage_lengths": [
    1,
    2
  ],
  "outage_mask": [
    1,
    1,
    1,
    1,
    1,
    1,
    0,
    1,
    1,
    1,
    1,
    1,
    1,
    1
  ],
  "portfolio_acceptance_rule": "preferred optimizer_success=True nominal-start candidates with terminal_error <= robust_success; selected lowest terminal_error with fuel as tie-breaker; fallback initializations were not evaluated",
  "portfolio_converged_threshold_feasible_candidate_count": 1,
  "portfolio_nominal_converged_threshold_feasible_candidate_count": 1,
  "portfolio_robust_threshold": 0.17,