{
  "all_outage_errors": [
    0.07792080291839382,
    0.055793507608435974,
    0.03790843493896796,
    0.025073228898754976,
    0.01752556681446922,
    0.013358152425487681,
    0.010536176875094644,
    0.00971579073301305
  ],
  "amax": 0.2,
  "artifact_stem": "independent_hs_all_configured_headroom",
  "branch_control_hash": "b1be0d380cfae2d6c95d342d0fdc00c8e33eb5ece4606052eaa0115a4ebd73cc",
  "branch_controls": [
    [
      0.0,
      0.0,
      -0.0
    ],
    [
      0.01633207058415255,
      -0.007360138249740317,
      -0.05812835414183663
    ],
    [
      0.015213156736722296,
      -0.008871469181243586,
      -0.05716110361281095
    ],
    [
      0.013580167824178015,
      -0.010896982112189523,
      -0.055620155629330446
    ],
    [
      0.011713255555726226,
      -0.012931000554778777,
      -0.05349712551225893
    ],
    [
      0.009866012675582996,
      -0.014752439145575837,
      -0.05122531978920335
    ],
    [
      0.008282604122359118,
      -0.016263332091215266,
      -0.04907650185430445
    ],
    [
      0.007257947057795149,
      -0.017285218859045225,
      -0.047930138922445055
    ]
  ],
  "branch_endpoint_control_hash": "a90727d3d412d695888862f4666fc90666ea2724a4b0408ccb7df703d1f4de6f",
  "branch_endpoint_control_norm_diagnostics": {
    "amax": 0.2,
    "control_bound_violation": 0.0,
    "control_max_abs_component": 0.05812835414183663,
    "control_norm_max": 0.06082609407038897,
    "control_norm_mean": 0.049153711563066,
    "shape": [
      8,
      3
    ]
  },
  "branch_endpoint_controls": [
    [
      0.0,
      0.0,
      -0.0
    ],
    [
      0.01633207058415255,
      -0.007360138249740317,
      -0.05812835414183663
    ],
    [
      0.015213156736722296,
      -0.008871469181243586,
      -0.05716110361281095
    ],
    [
      0.013580167824178015,
      -0.010896982112189523,
      -0.055620155629330446
    ],
    [
      0.011713255555726226,
      -0.012931000554778777,
      -0.05349712551225893
    ],
    [
      0.009866012675582996,
      -0.014752439145575837,
      -0.05122531978920335
    ],
    [
      0.008282604122359118,
      -0.016263332091215266,
      -0.04907650185430445
    ],
    [
      0.007257947057795149,
      -0.017285218859045225,
      -0.047930138922445055
    ]
  ],
  "branch_midpoint_control_hash": "5f3364be5d47cca8ebaf7cfd990121e1e792327b7e4717930750451504409e9c",
  "branch_midpoint_control_norm_diagnostics": {
    "amax": 0.2,
    "control_bound_violation": 0.0,
    "control_max_abs_component": 0.10432645391845374,
    "control_norm_max": 0.1096643778143946,
    "control_norm_mean": 0.08887928742538462,
    "shape": [
      8,
      3
    ]
  },
  "branch_midpoint_control_present": true,
  "branch_midpoint_controls": [
    [
      0.0,
      0.0,
      -0.0
    ],
    [
      0.030700637431788018,
      -0.014132856593800399,
      -0.10432645391845374
    ],
    [
      0.02852232272234324,
      -0.016974464794171452,
      -0.10221387987084743
    ],
    [
      0.025437923809411095,
      -0.02082052665909085,
      -0.09933655639062833
    ],
    [
      0.02202668515449979,
      -0.02477616133485645,
      -0.09563900589964384
    ],
    [
      0.018689743043067777,
      -0.028405593336167143,
      -0.09158997518198489
    ],
    [
      0.015818276913754408,
      -0.03145506029625974,
      -0.08874483533740112
    ],
    [
      0.013928914525738682,
      -0.033550927484519114,
      -0.08764354752861243
    ]
  ],
  "branch_order": 0,
  "case_group": "phase_all_configured_single",
  "case_id": "ihs_all_single_p04_amax02_polish_from_p04",
  "case_order": 2,
  "collocation_method": "hermite_simpson_midpoint",
  "config_hash": "efdf1518e5034a8b494dd4532e097dca96375c2b5f2beec902b12bd91a43a402",
  "fuel_quadrature": "simpson_endpoint_midpoint_endpoint",
  "implementation_identities": {
    "cr3bp_module": "//nas/Projects/Papers/quantum-low-thrust/src/qlt/cr3bp.py|sha256=65fd1a4092a206e2af1c2ededbba0473f3d201281aa95ab9a0b20eec2d29a175",
    "direct_collocation_module": "//nas/Projects/Papers/quantum-low-thrust/src/qlt/direct_collocation.py|sha256=9ef65d7f231e131e2dd76b91dc6d34ba6e93dd85c011d6339c1ea88ca4305e67",
    "objective_module": "//nas/Projects/Papers/quantum-low-thrust/src/qlt/objective.py|sha256=295744aac6c00bd0cc3e869c0da3dee91c03c0c51486c6509e18fc9d11786cbd",
    "runner": "//nas/Projects/Papers/quantum-low-thrust/scripts/run_hermite_simpson_continuation.py|sha256=f13c99810fc13db943d5b4d41ecc819cfe2685a18345cdf945e275286d95ea44"
  },
  "limitations": [
    "Branch-control replay repropagates persisted controls in the normalized CR3BP model only.",
    "Replay is deterministic postprocessing and does not rerun least-squares optimization.",
    "The sidecars do not establish high-fidelity validation, SPICE/ephemeris propagation, production solver parity, fuel optimality, or quantum advantage.",
    "All-configured evidence is limited to the outage family, target, transfer time, segment grid, thrust bound, and thresholds recorded in the manifest."
  ],
  "mask_index": 0,
  "nominal_control_path": "data/results/independent_hs_all_configured_headroom/controls/ihs_all_single_p04_amax02_polish_from_p04_nominal_controls.json",
  "nominal_control_sha256": "46871d310bb008e1be5438eb0ee00d1da0b5c320eefe2fc46f8add782ae06198",
  "nominal_control_sidecar_hash": "18062a0d384d259b111e013816994c1fecce6be2be0dfbe29e1896f5f14333c9",
  "nominal_endpoint_control_hash": "d92ea1f185aef3d015e2b45f3fb6d67e99d0b3a5b2607ad96ac49fd93cb959a8",
  "nominal_midpoint_control_hash": "d28a37efa1e75751007afc30c1908d0c248a9487fd6d58f33a54b3b44b6e533f",
  "outage_lengths": [
    1
  ],
  "outage_mask": [
    0,
    1,
    1,
    1,
    1,
    1,
    1,
    1
  ],
  "phase_time": 0.4,
  "recorded_all_mask_worst_error": 0.07792080291839382,
  "recorded_branch_terminal_error": 0.07792080291839382,
  "recorded_selected_worst_error": 0.07792080291839382,
  "recovery_segments": 7,
  "recovery_start": 1,
  "replay_semantics": "Normalized CR3BP replay of persisted nominal and selected branch controls only; no optimization rerun, high-fidelity validation, production solver parity, fuel-optimality claim, or quantum-advantage claim.",
  "runner_base_config_hash": "026ccfa63929c1024997a5b7fc25df08cad0118f96dd5a5c7d775b93662f291a",
  "schema_version": 1,
  "segments": 8,
  "selected_outage_errors": [
    0.07792080291839382,
    0.055793507608435974,
    0.03790843493896796,
    0.025073228898754976,
    0.01752556681446922,
    0.013358152425487681,
    0.010536176875094644,
    0.00971579073301305
  ],
  "selected_outage_indices": [
    0,
    1,
    2,
    3,
    4,
    7,
    6,
    5
  ],
  "settings_fingerprint": "f7c254647f05b5fed8338202974375cd07f84a93aeca9f41304d132e429a6907",
  "sidecar_type": "hs_direct_collocation_branch_controls",
  "source_states_id": "//nas/Projects/Papers/quantum-low-thrust/data/source_states.json|sha256=24f3e8900a33e87ed60f28cb61da10346e71f481288202350db5617c6e3d15cf",
  "substeps_per_segment": 4,
  "suite_name": "independent_hs_all_configured_headroom",
  "target_generation": "ballistic CR3BP phase propagation of initial_nrho_like_l2_southern_halo for benchmark.phase_time",
  "target_mode": "catalog_halo_phase_shift",
  "target_state": [
    1.0203486599902591,
    -0.044383220584371316,
    -0.1496716065328583,
    -0.05947577997830733,
    -0.08107887090378688,
    0.20069967032546537
  ],
  "thresholds": {
    "nominal_success": 0.09,
    "robust_success": 0.17
  },
  "transfer_time": 0.5
}
