{
  "all_outage_errors": [
    0.07741645121655767,
    0.05440043831052199,
    0.036583545790389894,
    0.024542980149109744,
    0.017853395430271694,
    0.013890957079301556,
    0.010861866974339067,
    0.009917342971703361
  ],
  "amax": 0.2,
  "artifact_stem": "independent_hs_all_configured_headroom",
  "branch_control_hash": "590245342cbaa18f288fc466199e617fcd217f96f569b1ef57ff5e5d9c60f102",
  "branch_controls": [
    [
      0.037003859410678575,
      0.09221125438728944,
      -0.1640000584177289
    ],
    [
      0.0,
      0.0,
      -0.0
    ],
    [
      0.025638679706331442,
      -0.02321577110356894,
      -0.08661756537389981
    ],
    [
      0.02040450003617676,
      -0.023258624206046005,
      -0.07803594670210236
    ],
    [
      0.013816830962188264,
      -0.02338556168013556,
      -0.06602166976849583
    ],
    [
      0.00826944824415015,
      -0.023698529630023776,
      -0.05536911513089458
    ],
    [
      0.004344140982565715,
      -0.02407350935368584,
      -0.048127486942290076
    ],
    [
      0.0021381323393250755,
      -0.024370343249879405,
      -0.044539224897469164
    ]
  ],
  "branch_endpoint_control_hash": "a449d1827fe91286e60932136ca4a34e8d7a277c538a29ac695ec0aa44fb471e",
  "branch_endpoint_control_norm_diagnostics": {
    "amax": 0.2,
    "control_bound_violation": 0.0,
    "control_max_abs_component": 0.1640000584177289,
    "control_norm_max": 0.19175041123288672,
    "control_norm_mean": 0.07574387205838895,
    "shape": [
      8,
      3
    ]
  },
  "branch_endpoint_controls": [
    [
      0.037003859410678575,
      0.09221125438728944,
      -0.1640000584177289
    ],
    [
      0.0,
      0.0,
      -0.0
    ],
    [
      0.025638679706331442,
      -0.02321577110356894,
      -0.08661756537389981
    ],
    [
      0.02040450003617676,
      -0.023258624206046005,
      -0.07803594670210236
    ],
    [
      0.013816830962188264,
      -0.02338556168013556,
      -0.06602166976849583
    ],
    [
      0.00826944824415015,
      -0.023698529630023776,
      -0.05536911513089458
    ],
    [
      0.004344140982565715,
      -0.02407350935368584,
      -0.048127486942290076
    ],
    [
      0.0021381323393250755,
      -0.024370343249879405,
      -0.044539224897469164
    ]
  ],
  "branch_midpoint_control_hash": "3da5bc741747367b5e6bf03e180b53ef0a722dc8b352a93049eb0719c0d5507f",
  "branch_midpoint_control_norm_diagnostics": {
    "amax": 0.2,
    "control_bound_violation": 0.0,
    "control_max_abs_component": 0.16873477226801975,
    "control_norm_max": 0.19997251488855414,
    "control_norm_mean": 0.09802603651964877,
    "shape": [
      8,
      3
    ]
  },
  "branch_midpoint_control_present": true,
  "branch_midpoint_controls": [
    [
      0.046550767970563185,
      0.09669854879915885,
      -0.16873477226801975
    ],
    [
      0.0,
      0.0,
      -0.0
    ],
    [
      0.023890905294332215,
      -0.03641242530044703,
      -0.09631735267582757
    ],
    [
      0.02041799491726153,
      -0.03873143704381409,
      -0.09365727341692144
    ],
    [
      0.01538983286617878,
      -0.041429896709557115,
      -0.08917964500071397
    ],
    [
      0.010069323781456717,
      -0.04365051189599117,
      -0.08361544236999413
    ],
    [
      0.005387229896895326,
      -0.04515743358196301,
      -0.07897727118181509
    ],
    [
      0.0022859600778152105,
      -0.046009152749761674,
      -0.07687332638876632
    ]
  ],
  "branch_order": 1,
  "case_group": "phase_all_configured_single",
  "case_id": "ihs_all_single_p04_amax02_warm_from_p03",
  "case_order": 1,
  "collocation_method": "hermite_simpson_midpoint",
  "config_hash": "efdf1518e5034a8b494dd4532e097dca96375c2b5f2beec902b12bd91a43a402",
  "fuel_quadrature": "simpson_endpoint_midpoint_endpoint",
  "implementation_identities": {
    "cr3bp_module": "//nas/Projects/Papers/quantum-low-thrust/src/qlt/cr3bp.py|sha256=65fd1a4092a206e2af1c2ededbba0473f3d201281aa95ab9a0b20eec2d29a175",
    "direct_collocation_module": "//nas/Projects/Papers/quantum-low-thrust/src/qlt/direct_collocation.py|sha256=9ef65d7f231e131e2dd76b91dc6d34ba6e93dd85c011d6339c1ea88ca4305e67",
    "objective_module": "//nas/Projects/Papers/quantum-low-thrust/src/qlt/objective.py|sha256=295744aac6c00bd0cc3e869c0da3dee91c03c0c51486c6509e18fc9d11786cbd",
    "runner": "//nas/Projects/Papers/quantum-low-thrust/scripts/run_hermite_simpson_continuation.py|sha256=f13c99810fc13db943d5b4d41ecc819cfe2685a18345cdf945e275286d95ea44"
  },
  "limitations": [
    "Branch-control replay repropagates persisted controls in the normalized CR3BP model only.",
    "Replay is deterministic postprocessing and does not rerun least-squares optimization.",
    "The sidecars do not establish high-fidelity validation, SPICE/ephemeris propagation, production solver parity, fuel optimality, or quantum advantage.",
    "All-configured evidence is limited to the outage family, target, transfer time, segment grid, thrust bound, and thresholds recorded in the manifest."
  ],
  "mask_index": 1,
  "nominal_control_path": "data/results/independent_hs_all_configured_headroom/controls/ihs_all_single_p04_amax02_warm_from_p03_nominal_controls.json",
  "nominal_control_sha256": "eda26f31547a19ac9df2c37186520e9746002a1a6e363649e0b378bd9566de24",
  "nominal_control_sidecar_hash": "8ff50d2cada58cb5292cec40d23532bacbf428d924a38e52db65f637677a20bb",
  "nominal_endpoint_control_hash": "955f9d980613186041858d6b0fce88527f8fc9cdc853ff8cfc970b2ba7c4a50d",
  "nominal_midpoint_control_hash": "3140e3b930fa08e92fa115c7f282f56ab7f51447b85f10b3deecd524ed3f18a0",
  "outage_lengths": [
    1
  ],
  "outage_mask": [
    1,
    0,
    1,
    1,
    1,
    1,
    1,
    1
  ],
  "phase_time": 0.4,
  "recorded_all_mask_worst_error": 0.07741645121655767,
  "recorded_branch_terminal_error": 0.05440043831052199,
  "recorded_selected_worst_error": 0.07741645121655767,
  "recovery_segments": 6,
  "recovery_start": 2,
  "replay_semantics": "Normalized CR3BP replay of persisted nominal and selected branch controls only; no optimization rerun, high-fidelity validation, production solver parity, fuel-optimality claim, or quantum-advantage claim.",
  "runner_base_config_hash": "026ccfa63929c1024997a5b7fc25df08cad0118f96dd5a5c7d775b93662f291a",
  "schema_version": 1,
  "segments": 8,
  "selected_outage_errors": [
    0.07741645121655767,
    0.05440043831052199,
    0.036583545790389894,
    0.024542980149109744,
    0.017853395430271694,
    0.013890957079301556,
    0.010861866974339067,
    0.009917342971703361
  ],
  "selected_outage_indices": [
    0,
    1,
    2,
    3,
    4,
    7,
    6,
    5
  ],
  "settings_fingerprint": "dfdd58842c1ef1d086803e190cc125b8ce3bd091b1e9c85d19c3f54f123fd6ee",
  "sidecar_type": "hs_direct_collocation_branch_controls",
  "source_states_id": "//nas/Projects/Papers/quantum-low-thrust/data/source_states.json|sha256=24f3e8900a33e87ed60f28cb61da10346e71f481288202350db5617c6e3d15cf",
  "substeps_per_segment": 4,
  "suite_name": "independent_hs_all_configured_headroom",
  "target_generation": "ballistic CR3BP phase propagation of initial_nrho_like_l2_southern_halo for benchmark.phase_time",
  "target_mode": "catalog_halo_phase_shift",
  "target_state": [
    1.0203486599902591,
    -0.044383220584371316,
    -0.1496716065328583,
    -0.05947577997830733,
    -0.08107887090378688,
    0.20069967032546537
  ],
  "thresholds": {
    "nominal_success": 0.09,
    "robust_success": 0.17
  },
  "transfer_time": 0.5
}
