{
  "all_outage_errors": [
    0.07741645121655767,
    0.05440043831052199,
    0.036583545790389894,
    0.024542980149109744,
    0.017853395430271694,
    0.013890957079301556,
    0.010861866974339067,
    0.009917342971703361
  ],
  "amax": 0.2,
  "artifact_stem": "independent_hs_all_configured_headroom",
  "branch_control_hash": "c54168dfe2dbeace32bbc0500066a0d4ecefb9d52679dc421ec89bf838940eb0",
  "branch_controls": [
    [
      0.0,
      0.0,
      -0.0
    ],
    [
      0.017197771061382486,
      -0.007242235656761195,
      -0.06260320331086057
    ],
    [
      0.01611646087026223,
      -0.009039284354874236,
      -0.062366811806530566
    ],
    [
      0.014435183618397743,
      -0.011363843662865728,
      -0.061149652083541436
    ],
    [
      0.012264453562413905,
      -0.013447891478669026,
      -0.057571994876031755
    ],
    [
      0.010069513943551756,
      -0.015128817507150661,
      -0.05289860173512903
    ],
    [
      0.008248072465437411,
      -0.016438641474156735,
      -0.048812768594524804
    ],
    [
      0.00710907969750332,
      -0.017323468014775415,
      -0.04662591979548553
    ]
  ],
  "branch_endpoint_control_hash": "eb5e9863a0f10d0e29246b8661d8be99e94e9bd4ccee16265509a393ad5d409c",
  "branch_endpoint_control_norm_diagnostics": {
    "amax": 0.2,
    "control_bound_violation": 0.0,
    "control_max_abs_component": 0.06260320331086057,
    "control_norm_max": 0.06532514348678257,
    "control_norm_mean": 0.05161795016212302,
    "shape": [
      8,
      3
    ]
  },
  "branch_endpoint_controls": [
    [
      0.0,
      0.0,
      -0.0
    ],
    [
      0.017197771061382486,
      -0.007242235656761195,
      -0.06260320331086057
    ],
    [
      0.01611646087026223,
      -0.009039284354874236,
      -0.062366811806530566
    ],
    [
      0.014435183618397743,
      -0.011363843662865728,
      -0.061149652083541436
    ],
    [
      0.012264453562413905,
      -0.013447891478669026,
      -0.057571994876031755
    ],
    [
      0.010069513943551756,
      -0.015128817507150661,
      -0.05289860173512903
    ],
    [
      0.008248072465437411,
      -0.016438641474156735,
      -0.048812768594524804
    ],
    [
      0.00710907969750332,
      -0.017323468014775415,
      -0.04662591979548553
    ]
  ],
  "branch_midpoint_control_hash": "d5a603e56e7278e2fde83bdc39b3daa4d63881d427a21b736cd443792b974454",
  "branch_midpoint_control_norm_diagnostics": {
    "amax": 0.2,
    "control_bound_violation": 0.0,
    "control_max_abs_component": 0.10396952187869371,
    "control_norm_max": 0.10934166626204053,
    "control_norm_mean": 0.08782972484621102,
    "shape": [
      8,
      3
    ]
  },
  "branch_midpoint_control_present": true,
  "branch_midpoint_controls": [
    [
      0.0,
      0.0,
      -0.0
    ],
    [
      0.030929248200246454,
      -0.013759364340071556,
      -0.10396952187869371
    ],
    [
      0.02878601766979436,
      -0.016839700910978424,
      -0.10265142905353014
    ],
    [
      0.025675086607512217,
      -0.020927078152942945,
      -0.09997674405172195
    ],
    [
      0.022081902427616127,
      -0.024889015043656103,
      -0.09560927399981047
    ],
    [
      0.018505607762123948,
      -0.028350995027976767,
      -0.08961891221303861
    ],
    [
      0.015432415509114877,
      -0.031121403436239734,
      -0.08534395826837232
    ],
    [
      0.01343833045101445,
      -0.0329609405573064,
      -0.0836031100022528
    ]
  ],
  "branch_order": 0,
  "case_group": "phase_all_configured_single",
  "case_id": "ihs_all_single_p04_amax02_warm_from_p03",
  "case_order": 1,
  "collocation_method": "hermite_simpson_midpoint",
  "config_hash": "efdf1518e5034a8b494dd4532e097dca96375c2b5f2beec902b12bd91a43a402",
  "fuel_quadrature": "simpson_endpoint_midpoint_endpoint",
  "implementation_identities": {
    "cr3bp_module": "//nas/Projects/Papers/quantum-low-thrust/src/qlt/cr3bp.py|sha256=65fd1a4092a206e2af1c2ededbba0473f3d201281aa95ab9a0b20eec2d29a175",
    "direct_collocation_module": "//nas/Projects/Papers/quantum-low-thrust/src/qlt/direct_collocation.py|sha256=9ef65d7f231e131e2dd76b91dc6d34ba6e93dd85c011d6339c1ea88ca4305e67",
    "objective_module": "//nas/Projects/Papers/quantum-low-thrust/src/qlt/objective.py|sha256=295744aac6c00bd0cc3e869c0da3dee91c03c0c51486c6509e18fc9d11786cbd",
    "runner": "//nas/Projects/Papers/quantum-low-thrust/scripts/run_hermite_simpson_continuation.py|sha256=f13c99810fc13db943d5b4d41ecc819cfe2685a18345cdf945e275286d95ea44"
  },
  "limitations": [
    "Branch-control replay repropagates persisted controls in the normalized CR3BP model only.",
    "Replay is deterministic postprocessing and does not rerun least-squares optimization.",
    "The sidecars do not establish high-fidelity validation, SPICE/ephemeris propagation, production solver parity, fuel optimality, or quantum advantage.",
    "All-configured evidence is limited to the outage family, target, transfer time, segment grid, thrust bound, and thresholds recorded in the manifest."
  ],
  "mask_index": 0,
  "nominal_control_path": "data/results/independent_hs_all_configured_headroom/controls/ihs_all_single_p04_amax02_warm_from_p03_nominal_controls.json",
  "nominal_control_sha256": "eda26f31547a19ac9df2c37186520e9746002a1a6e363649e0b378bd9566de24",
  "nominal_control_sidecar_hash": "8ff50d2cada58cb5292cec40d23532bacbf428d924a38e52db65f637677a20bb",
  "nominal_endpoint_control_hash": "955f9d980613186041858d6b0fce88527f8fc9cdc853ff8cfc970b2ba7c4a50d",
  "nominal_midpoint_control_hash": "3140e3b930fa08e92fa115c7f282f56ab7f51447b85f10b3deecd524ed3f18a0",
  "outage_lengths": [
    1
  ],
  "outage_mask": [
    0,
    1,
    1,
    1,
    1,
    1,
    1,
    1
  ],
  "phase_time": 0.4,
  "recorded_all_mask_worst_error": 0.07741645121655767,
  "recorded_branch_terminal_error": 0.07741645121655767,
  "recorded_selected_worst_error": 0.07741645121655767,
  "recovery_segments": 7,
  "recovery_start": 1,
  "replay_semantics": "Normalized CR3BP replay of persisted nominal and selected branch controls only; no optimization rerun, high-fidelity validation, production solver parity, fuel-optimality claim, or quantum-advantage claim.",
  "runner_base_config_hash": "026ccfa63929c1024997a5b7fc25df08cad0118f96dd5a5c7d775b93662f291a",
  "schema_version": 1,
  "segments": 8,
  "selected_outage_errors": [
    0.07741645121655767,
    0.05440043831052199,
    0.036583545790389894,
    0.024542980149109744,
    0.017853395430271694,
    0.013890957079301556,
    0.010861866974339067,
    0.009917342971703361
  ],
  "selected_outage_indices": [
    0,
    1,
    2,
    3,
    4,
    7,
    6,
    5
  ],
  "settings_fingerprint": "dfdd58842c1ef1d086803e190cc125b8ce3bd091b1e9c85d19c3f54f123fd6ee",
  "sidecar_type": "hs_direct_collocation_branch_controls",
  "source_states_id": "//nas/Projects/Papers/quantum-low-thrust/data/source_states.json|sha256=24f3e8900a33e87ed60f28cb61da10346e71f481288202350db5617c6e3d15cf",
  "substeps_per_segment": 4,
  "suite_name": "independent_hs_all_configured_headroom",
  "target_generation": "ballistic CR3BP phase propagation of initial_nrho_like_l2_southern_halo for benchmark.phase_time",
  "target_mode": "catalog_halo_phase_shift",
  "target_state": [
    1.0203486599902591,
    -0.044383220584371316,
    -0.1496716065328583,
    -0.05947577997830733,
    -0.08107887090378688,
    0.20069967032546537
  ],
  "thresholds": {
    "nominal_success": 0.09,
    "robust_success": 0.17
  },
  "transfer_time": 0.5
}
