{
  "n": 12,
  "intercept": 10.77805919247482,
  "linear": [
    -1.691947315399409,
    -1.6669125158697171,
    -1.536993308058934,
    -1.5747526264381357,
    -1.6297912215433328,
    -1.6976232539048235,
    -1.7184555274623938,
    -1.7940686505098429,
    -1.81691315986281,
    -1.7342853175963227,
    -1.7489321042882036,
    -1.6499651556628268
  ],
  "quadratic_upper": [
    [
      0.0,
      0.10712120624338392,
      0.030309198685458963,
      0.07689583057903902,
      0.018740381561846826,
      0.05682924555442065,
      0.12223948378007206,
      0.07220979710509111,
      0.0515044315850463,
      0.14511778724352195,
      0.09921014282998902,
      0.15022829447705685
    ],
    [
      0.10712120624338392,
      0.0,
      0.0551872082741209,
      0.043688295787443855,
      0.06582093853073884,
      0.06726366857215814,
      0.104345464175992,
      0.07752918187699409,
      0.07102899909442388,
      0.11566744441080268,
      0.05304772614551434,
      0.13678204184028878
    ],
    [
      0.030309198685458963,
      0.0551872082741209,
      0.0,
      0.04273530483694841,
      0.08910603730179802,
      0.07729572761434604,
      0.07035468618976774,
      0.1263990109380633,
      0.11975410796120078,
      0.05983023111221941,
      0.13927432462049835,
      -0.028166316170730062
    ],
    [
      0.07689583057903902,
      0.043688295787443855,
      0.04273530483694841,
      0.0,
      0.0958694712917914,
      0.08285151654769339,
      0.0779348434705669,
      0.10227361346130821,
      0.11595623166501308,
      0.003984748801172806,
      0.07157108618323296,
      0.09341138428907561
    ],
    [
      0.018740381561846826,
      0.06582093853073884,
      0.08910603730179802,
      0.0958694712917914,
      0.0,
      0.07308271303095422,
      0.03724589784281081,
      0.1805372126021637,
      0.1048068790477536,
      0.06433703748733781,
      0.04789615180916277,
      0.05284812143285538
    ],
    [
      0.05682924555442065,
      0.06726366857215814,
      0.07729572761434604,
      0.08285151654769339,
      0.07308271303095422,
      0.0,
      0.09012593625005764,
      0.1296475618911312,
      0.06687702808041736,
      0.06266006334951062,
      0.08226839806963512,
      0.09954180400288867
    ],
    [
      0.12223948378007206,
      0.104345464175992,
      0.07035468618976774,
      0.0779348434705669,
      0.03724589784281081,
      0.09012593625005764,
      0.0,
      0.007201205405131383,
      0.10768849560971608,
      0.12210573122077074,
      0.1386160578286483,
      0.013077096173226667
    ],
    [
      0.07220979710509111,
      0.07752918187699409,
      0.1263990109380633,
      0.10227361346130821,
      0.1805372126021637,
      0.1296475618911312,
      0.007201205405131383,
      0.0,
      0.10200527576195459,
      0.0038839998057967986,
      -0.010146128188247403,
      0.09260704799345829
    ],
    [
      0.0515044315850463,
      0.07102899909442388,
      0.11975410796120078,
      0.11595623166501308,
      0.1048068790477536,
      0.06687702808041736,
      0.10768849560971608,
      0.10200527576195459,
      0.0,
      0.05698165916988742,
      0.11460179395791395,
      0.014345714367198533
    ],
    [
      0.14511778724352195,
      0.11566744441080268,
      0.05983023111221941,
      0.003984748801172806,
      0.06433703748733781,
      0.06266006334951062,
      0.12210573122077074,
      0.0038839998057967986,
      0.05698165916988742,
      0.0,
      0.10689570878642395,
      0.1438348426135288
    ],
    [
      0.09921014282998902,
      0.05304772614551434,
      0.13927432462049835,
      0.07157108618323296,
      0.04789615180916277,
      0.08226839806963512,
      0.1386160578286483,
      -0.010146128188247403,
      0.11460179395791395,
      0.10689570878642395,
      0.0,
      0.050220483895787246
    ],
    [
      0.15022829447705685,
      0.13678204184028878,
      -0.028166316170730062,
      0.09341138428907561,
      0.05284812143285538,
      0.09954180400288867,
      0.013077096173226667,
      0.09260704799345829,
      0.014345714367198533,
      0.1438348426135288,
      0.050220483895787246,
      0.0
    ]
  ],
  "diagnostics": {
    "ridge": 0.0001,
    "train_rmse": 9.246351612114201e-05,
    "val_rmse": 0.1056069233955214,
    "train_r2": 0.9999999971952624,
    "val_r2": 0.9960857825057975,
    "val_spearman": 0.9895652173913043,
    "val_pairwise_order_accuracy": 0.967391304347826,
    "val_top_k": 5,
    "val_top_k_recall": 1.0,
    "n_train": 72,
    "n_val": 24
  }
}