{
  "n": 12,
  "intercept": 10.777924163751454,
  "linear": [
    -1.7342347999678145,
    -1.5914757489773543,
    -1.6384758030368198,
    -1.7115891431670225,
    -1.4955235565177467,
    -1.7590952923056138,
    -1.6404744029145315,
    -1.9335852017719746,
    -1.5892680276344848,
    -1.5408972285171847,
    -1.8781022184650327,
    -1.7376373192251364
  ],
  "quadratic_upper": [
    [
      0.0,
      0.08916308551696595,
      0.04751902163561698,
      0.09146892150021722,
      0.05776424347556775,
      0.12169663277730704,
      0.0309944216905152,
      0.15335429425269229,
      0.034910490695800114,
      -0.027227138309589307,
      0.17392308518303512,
      0.11801192657099094
    ],
    [
      0.08916308551696595,
      0.0,
      0.10989725074885778,
      0.06861273405245195,
      0.08030496484828166,
      0.037932802337180486,
      0.09035089276390548,
      0.08640690464400305,
      0.07952107649229784,
      0.12623332203734922,
      0.061159294331844125,
      0.03958827755187637
    ],
    [
      0.04751902163561698,
      0.10989725074885778,
      0.0,
      0.08233521226846227,
      0.11504058626768175,
      0.03902750764467191,
      0.08181339257123671,
      0.04593796411483428,
      0.0696045257478714,
      0.09146069436368479,
      0.07412105479632299,
      0.08037155906267272
    ],
    [
      0.09146892150021722,
      0.06861273405245195,
      0.08233521226846227,
      0.0,
      0.012425621520470135,
      0.12240050969256167,
      0.0785288315919613,
      0.08425491922385243,
      0.14627232735560047,
      0.14089026141381222,
      0.061477046347827795,
      0.06553185944653599
    ],
    [
      0.05776424347556775,
      0.08030496484828166,
      0.11504058626768175,
      0.012425621520470135,
      0.0,
      0.07411967595945962,
      0.08503595162389102,
      0.0769863378272741,
      0.0384548609163765,
      0.0461216793703775,
      0.04562124143411142,
      0.10466276765459795
    ],
    [
      0.12169663277730704,
      0.037932802337180486,
      0.03902750764467191,
      0.12240050969256167,
      0.07411967595945962,
      0.0,
      0.07221639217550702,
      0.09827593459697011,
      0.05356574281729895,
      0.09839959658914782,
      0.13591922708963328,
      0.06885087642404383
    ],
    [
      0.0309944216905152,
      0.09035089276390548,
      0.08181339257123671,
      0.0785288315919613,
      0.08503595162389102,
      0.07221639217550702,
      0.0,
      0.13030043025448626,
      0.06458489705442728,
      0.05959064519161923,
      0.05468700320342469,
      0.1143391839677218
    ],
    [
      0.15335429425269229,
      0.08640690464400305,
      0.04593796411483428,
      0.08425491922385243,
      0.0769863378272741,
      0.09827593459697011,
      0.13030043025448626,
      0.0,
      0.04268079155928357,
      0.04855899553651921,
      0.13962367066713716,
      0.0912183127765936
    ],
    [
      0.034910490695800114,
      0.07952107649229784,
      0.0696045257478714,
      0.14627232735560047,
      0.0384548609163765,
      0.05356574281729895,
      0.06458489705442728,
      0.04268079155928357,
      0.0,
      0.09021846452766222,
      0.05352095316442225,
      0.06371197920987845
    ],
    [
      -0.027227138309589307,
      0.12623332203734922,
      0.09146069436368479,
      0.14089026141381222,
      0.0461216793703775,
      0.09839959658914782,
      0.05959064519161923,
      0.04855899553651921,
      0.09021846452766222,
      0.0,
      0.012910359394208374,
      0.05762167389384291
    ],
    [
      0.17392308518303512,
      0.061159294331844125,
      0.07412105479632299,
      0.061477046347827795,
      0.04562124143411142,
      0.13591922708963328,
      0.05468700320342469,
      0.13962367066713716,
      0.05352095316442225,
      0.012910359394208374,
      0.0,
      0.08315713177300246
    ],
    [
      0.11801192657099094,
      0.03958827755187637,
      0.08037155906267272,
      0.06553185944653599,
      0.10466276765459795,
      0.06885087642404383,
      0.1143391839677218,
      0.0912183127765936,
      0.06371197920987845,
      0.05762167389384291,
      0.08315713177300246,
      0.0
    ]
  ],
  "diagnostics": {
    "ridge": 0.0001,
    "train_rmse": 0.00010233123684963166,
    "val_rmse": 0.17313848673096696,
    "train_r2": 0.9999999970486434,
    "val_r2": 0.9910591239527342,
    "val_spearman": 0.9947803392779467,
    "val_pairwise_order_accuracy": 0.9818181818181818,
    "val_top_k": 5,
    "val_top_k_recall": 1.0,
    "n_train": 72,
    "n_val": 24
  }
}