{
  "n": 12,
  "intercept": 10.51055139832038,
  "linear": [
    -1.4365486540716086,
    -1.383880835648347,
    -1.879823149040518,
    -1.5994137169015148,
    -1.5172433745580387,
    -1.9202195414664958,
    -1.8915097279717228,
    -1.4123267575584968,
    -1.590073035563204,
    -1.4792635342149552,
    -1.4832611248686591,
    -1.8791331517030274
  ],
  "quadratic_upper": [
    [
      0.0,
      0.11316692914429051,
      0.08956227969381754,
      0.04474420178972002,
      -0.004287596216558181,
      0.16249907125041746,
      0.030320800627512495,
      -0.0051928050579142645,
      0.11339991314604136,
      0.044339148219716074,
      0.08885212229276482,
      0.0626720608549826
    ],
    [
      0.11316692914429051,
      0.0,
      0.10055544436650458,
      0.2696896132726548,
      -0.10594397732484463,
      0.10481103181371314,
      0.033126091243259013,
      -0.02387460525408259,
      0.09410471551451571,
      0.08399181597144231,
      0.14250336044284767,
      -0.039029504025019236
    ],
    [
      0.08956227969381754,
      0.10055544436650458,
      0.0,
      0.06900502303509054,
      0.26844854795545325,
      0.04493915807658187,
      0.20946971802215675,
      0.07364506616575417,
      -0.012739542411801051,
      -0.03156753435253879,
      0.05395196747792036,
      0.14349599806932684
    ],
    [
      0.04474420178972002,
      0.2696896132726548,
      0.06900502303509054,
      0.0,
      0.11891693438750206,
      -0.016387994792194705,
      0.10483878458284034,
      0.09316721243546888,
      -0.04614467149800211,
      -0.12050025821139466,
      0.10626763191913526,
      0.19470921416301618
    ],
    [
      -0.004287596216558181,
      -0.10594397732484463,
      0.26844854795545325,
      0.11891693438750206,
      0.0,
      0.13856270297509243,
      0.028343406091611546,
      0.0833854657957423,
      0.10072458441099505,
      0.15039122850692815,
      0.027776279632946637,
      0.04915382798779777
    ],
    [
      0.16249907125041746,
      0.10481103181371314,
      0.04493915807658187,
      -0.016387994792194705,
      0.13856270297509243,
      0.0,
      0.14991894191261249,
      0.15528587003849126,
      0.08433613389697744,
      0.06904240829764173,
      -0.0012813790260865546,
      0.17129693510877078
    ],
    [
      0.030320800627512495,
      0.033126091243259013,
      0.20946971802215675,
      0.10483878458284034,
      0.028343406091611546,
      0.14991894191261249,
      0.0,
      0.003196121922658147,
      0.16997095760787792,
      0.15486517841478342,
      0.05332802134353579,
      0.14305812648368832
    ],
    [
      -0.0051928050579142645,
      -0.02387460525408259,
      0.07364506616575417,
      0.09316721243546888,
      0.0833854657957423,
      0.15528587003849126,
      0.003196121922658147,
      0.0,
      0.00575904572984498,
      0.04669702224578818,
      0.11966553308904244,
      0.056565918691213024
    ],
    [
      0.11339991314604136,
      0.09410471551451571,
      -0.012739542411801051,
      -0.04614467149800211,
      0.10072458441099505,
      0.08433613389697744,
      0.16997095760787792,
      0.00575904572984498,
      0.0,
      0.1640941176306934,
      -0.009866815523266386,
      0.060040632769001456
    ],
    [
      0.044339148219716074,
      0.08399181597144231,
      -0.03156753435253879,
      -0.12050025821139466,
      0.15039122850692815,
      0.06904240829764173,
      0.15486517841478342,
      0.04669702224578818,
      0.1640941176306934,
      0.0,
      -0.015976219927717528,
      0.017598957793439143
    ],
    [
      0.08885212229276482,
      0.14250336044284767,
      0.05395196747792036,
      0.10626763191913526,
      0.027776279632946637,
      -0.0012813790260865546,
      0.05332802134353579,
      0.11966553308904244,
      -0.009866815523266386,
      -0.015976219927717528,
      0.0,
      0.12722864199660858
    ],
    [
      0.0626720608549826,
      -0.039029504025019236,
      0.14349599806932684,
      0.19470921416301618,
      0.04915382798779777,
      0.17129693510877078,
      0.14305812648368832,
      0.056565918691213024,
      0.060040632769001456,
      0.017598957793439143,
      0.12722864199660858,
      0.0
    ]
  ],
  "diagnostics": {
    "ridge": 0.0001,
    "train_rmse": 0.000134394591941091,
    "val_rmse": 0.3512289699439101,
    "train_r2": 0.9999999931790385,
    "val_r2": 0.9726751559326279,
    "val_spearman": 0.9452173913043478,
    "val_pairwise_order_accuracy": 0.9094202898550725,
    "val_top_k": 5,
    "val_top_k_recall": 0.6,
    "n_train": 72,
    "n_val": 24
  }
}