{
  "n": 12,
  "intercept": 10.778057368201566,
  "linear": [
    -1.7842188711172395,
    -1.7026462045751898,
    -1.6848113069970256,
    -1.6956525794265163,
    -1.7192372894277914,
    -1.3791625601524884,
    -1.619515457532442,
    -1.623694540442622,
    -1.8862795240823147,
    -1.75151865574923,
    -1.7436168592491372,
    -1.6533564772267095
  ],
  "quadratic_upper": [
    [
      0.0,
      0.06560980506101163,
      0.13783337788274397,
      0.06258937489480082,
      0.05635933209459644,
      0.06488920003472257,
      0.12450354929180188,
      0.03757426622744633,
      0.14562281769164886,
      0.054084958065279375,
      0.09875082499134527,
      0.09421408694974337
    ],
    [
      0.06560980506101163,
      0.0,
      0.09068034595379765,
      0.0991662788146756,
      0.057437056858178986,
      0.031237033493801185,
      0.013579002648671812,
      0.13160058596506496,
      0.10816813950132487,
      0.10545189975091324,
      0.0994598332892955,
      0.1462161356026844
    ],
    [
      0.13783337788274397,
      0.09068034595379765,
      0.0,
      0.10025834076255988,
      0.04195363271434263,
      0.052123853375210506,
      0.06652763562156587,
      0.014803747605580186,
      0.1253707338645227,
      0.07378782968725311,
      0.09571083605653134,
      0.041891886919693144
    ],
    [
      0.06258937489480082,
      0.0991662788146756,
      0.10025834076255988,
      0.0,
      0.16182437216528045,
      0.020628777974568684,
      0.04871854016217588,
      0.11763292678459006,
      0.021946159357668357,
      0.08085300844471194,
      0.10186273368511409,
      0.08952847723773197
    ],
    [
      0.05635933209459644,
      0.057437056858178986,
      0.04195363271434263,
      0.16182437216528045,
      0.0,
      0.013561446552282863,
      0.10549039101606786,
      0.0794979735381555,
      0.08554395471832572,
      0.06714741785220515,
      0.15392989954794048,
      0.04759457152637284
    ],
    [
      0.06488920003472257,
      0.031237033493801185,
      0.052123853375210506,
      0.020628777974568684,
      0.013561446552282863,
      0.0,
      0.05689897983224522,
      0.11657788952679177,
      0.07785219198888547,
      0.11299137641822787,
      0.028231361679880683,
      0.12889223503858668
    ],
    [
      0.12450354929180188,
      0.013579002648671812,
      0.06652763562156587,
      0.04871854016217588,
      0.10549039101606786,
      0.05689897983224522,
      0.0,
      0.018709999221648437,
      0.12095264651759853,
      0.08801826644745663,
      0.04939630659538675,
      -0.00947304895285616
    ],
    [
      0.03757426622744633,
      0.13160058596506496,
      0.014803747605580186,
      0.11763292678459006,
      0.0794979735381555,
      0.11657788952679177,
      0.018709999221648437,
      0.0,
      0.03681393075980057,
      0.03958193218617159,
      0.10168741845277608,
      0.1299618045655269
    ],
    [
      0.14562281769164886,
      0.10816813950132487,
      0.1253707338645227,
      0.021946159357668357,
      0.08554395471832572,
      0.07785219198888547,
      0.12095264651759853,
      0.03681393075980057,
      0.0,
      0.06909609209478501,
      0.10405374301189382,
      0.08694463883248837
    ],
    [
      0.054084958065279375,
      0.10545189975091324,
      0.07378782968725311,
      0.08085300844471194,
      0.06714741785220515,
      0.11299137641822787,
      0.08801826644745663,
      0.03958193218617159,
      0.06909609209478501,
      0.0,
      0.07676790693184095,
      0.12626829453054336
    ],
    [
      0.09875082499134527,
      0.0994598332892955,
      0.09571083605653134,
      0.10186273368511409,
      0.15392989954794048,
      0.028231361679880683,
      0.04939630659538675,
      0.10168741845277608,
      0.10405374301189382,
      0.07676790693184095,
      0.0,
      0.015164032057829535
    ],
    [
      0.09421408694974337,
      0.1462161356026844,
      0.041891886919693144,
      0.08952847723773197,
      0.04759457152637284,
      0.12889223503858668,
      -0.00947304895285616,
      0.1299618045655269,
      0.08694463883248837,
      0.12626829453054336,
      0.015164032057829535,
      0.0
    ]
  ],
  "diagnostics": {
    "ridge": 0.0001,
    "train_rmse": 8.048722061482772e-05,
    "val_rmse": 0.2011707975405655,
    "train_r2": 0.9999999982288041,
    "val_r2": 0.9839301139956059,
    "val_spearman": 0.9808695652173913,
    "val_pairwise_order_accuracy": 0.9492753623188406,
    "val_top_k": 5,
    "val_top_k_recall": 0.8,
    "n_train": 72,
    "n_val": 24
  }
}