{
  "n": 12,
  "intercept": 10.777952641846746,
  "linear": [
    -1.8317903573134875,
    -1.6459256654892693,
    -1.6187819729203772,
    -1.6916545245095966,
    -1.6527353427266287,
    -1.6814262056904952,
    -1.073347365187531,
    -1.601697302634703,
    -1.7397809251107397,
    -1.8158537122198328,
    -1.8673448977528373,
    -1.6666693148022866
  ],
  "quadratic_upper": [
    [
      0.0,
      0.060720227436388885,
      0.11964114686345698,
      0.05913186724854569,
      0.1542096061892929,
      0.06096472864153422,
      -0.05184961710231968,
      0.16205169323855242,
      0.04978606705771303,
      0.15448611868948187,
      0.12394220110581339,
      0.08745426374695833
    ],
    [
      0.060720227436388885,
      0.0,
      0.0756113003708406,
      0.06595929980570864,
      0.10862023391039073,
      0.06955961865887515,
      0.08496656709709616,
      0.16215857371407214,
      0.04154678528594834,
      0.07755317977738246,
      0.01561146082083806,
      0.13405758601963455
    ],
    [
      0.11964114686345698,
      0.0756113003708406,
      0.0,
      0.05706590810015024,
      -0.004438286143148636,
      0.06764697170881179,
      0.024469513054628075,
      -0.0014541161762452928,
      0.10728405381756484,
      0.09176011727145103,
      0.11875079217348852,
      0.06236287522854781
    ],
    [
      0.05913186724854569,
      0.06595929980570864,
      0.05706590810015024,
      0.0,
      0.14245875056534396,
      0.1135750243593381,
      0.0360758962031795,
      0.14318535131683566,
      0.021556968629140003,
      0.11588028486536607,
      0.021239177906540663,
      0.10368620684160879
    ],
    [
      0.1542096061892929,
      0.10862023391039073,
      -0.004438286143148636,
      0.14245875056534396,
      0.0,
      0.14499112714285178,
      0.09030200807116019,
      0.05720443191779105,
      0.14538322896612596,
      -0.024781902779296833,
      0.11874416889291922,
      0.013419056629020178
    ],
    [
      0.06096472864153422,
      0.06955961865887515,
      0.06764697170881179,
      0.1135750243593381,
      0.14499112714285178,
      0.0,
      0.10567061216959032,
      0.040983750803078846,
      0.10994884584718444,
      0.03412652839649854,
      0.09042379342247754,
      0.03343084021647536
    ],
    [
      -0.05184961710231968,
      0.08496656709709616,
      0.024469513054628075,
      0.0360758962031795,
      0.09030200807116019,
      0.10567061216959032,
      0.0,
      0.01716124802352591,
      0.006375574086978001,
      -0.03394219434563898,
      0.04997549129029834,
      0.02824036681949556
    ],
    [
      0.16205169323855242,
      0.16215857371407214,
      -0.0014541161762452928,
      0.14318535131683566,
      0.05720443191779105,
      0.040983750803078846,
      0.01716124802352591,
      0.0,
      -0.004903026100316364,
      -0.0015926366522022878,
      0.08911164253493445,
      0.09157297655704591
    ],
    [
      0.04978606705771303,
      0.04154678528594834,
      0.10728405381756484,
      0.021556968629140003,
      0.14538322896612596,
      0.10994884584718444,
      0.006375574086978001,
      -0.004903026100316364,
      0.0,
      0.07297302450102583,
      0.07828642234506696,
      0.06411548906813858
    ],
    [
      0.15448611868948187,
      0.07755317977738246,
      0.09176011727145103,
      0.11588028486536607,
      -0.024781902779296833,
      0.03412652839649854,
      -0.03394219434563898,
      -0.0015926366522022878,
      0.07297302450102583,
      0.0,
      0.1639410716305703,
      0.13929307869307025
    ],
    [
      0.12394220110581339,
      0.01561146082083806,
      0.11875079217348852,
      0.021239177906540663,
      0.11874416889291922,
      0.09042379342247754,
      0.04997549129029834,
      0.08911164253493445,
      0.07828642234506696,
      0.1639410716305703,
      0.0,
      0.07782003406420875
    ],
    [
      0.08745426374695833,
      0.13405758601963455,
      0.06236287522854781,
      0.10368620684160879,
      0.013419056629020178,
      0.03343084021647536,
      0.02824036681949556,
      0.09157297655704591,
      0.06411548906813858,
      0.13929307869307025,
      0.07782003406420875,
      0.0
    ]
  ],
  "diagnostics": {
    "ridge": 0.0001,
    "train_rmse": 0.00011758675588547415,
    "val_rmse": 0.2601282997373156,
    "train_r2": 0.9999999967431792,
    "val_r2": 0.9743642039951795,
    "val_spearman": 0.9556521739130435,
    "val_pairwise_order_accuracy": 0.927536231884058,
    "val_top_k": 5,
    "val_top_k_recall": 0.8,
    "n_train": 72,
    "n_val": 24
  }
}