{
  "n": 12,
  "intercept": 10.77803922865518,
  "linear": [
    -1.5375601629075761,
    -1.7384070095280506,
    -1.7216919284215002,
    -1.6551252969109072,
    -1.684667431747622,
    -1.6813893377641054,
    -1.537433823493904,
    -1.7469764707534838,
    -1.7513667142951013,
    -1.7805308279718723,
    -1.640514993920293,
    -1.8677458380145868
  ],
  "quadratic_upper": [
    [
      0.0,
      0.08447014470432194,
      0.07288638700583616,
      0.0850945760615929,
      0.10009673892351996,
      0.08055303295396946,
      0.025672563119461176,
      0.05160865280260611,
      0.06529972289252871,
      0.08042199169604422,
      0.0898305026209732,
      0.059242620252461166
    ],
    [
      0.08447014470432194,
      0.0,
      0.03654493904739848,
      0.08046671242096036,
      0.12810666441914073,
      0.05474100980705292,
      0.09154384434681094,
      0.0845656010049756,
      0.07037070210590947,
      0.13600189828768058,
      0.06841340178217448,
      0.0981431795857908
    ],
    [
      0.07288638700583616,
      0.03654493904739848,
      0.0,
      0.1151866762898504,
      0.04427022685911846,
      0.1099377100511922,
      0.06702324959009352,
      0.07458083753136559,
      0.09876881038285497,
      0.09168309000527672,
      0.10939777412624119,
      0.13397561777520675
    ],
    [
      0.0850945760615929,
      0.08046671242096036,
      0.1151866762898504,
      0.0,
      0.06814735783668786,
      0.04890780237416387,
      0.12929134081575822,
      0.06785958811653266,
      0.08700135905951946,
      -0.002113874951316632,
      0.06918828938339153,
      0.09274774516685937
    ],
    [
      0.10009673892351996,
      0.12810666441914073,
      0.04427022685911846,
      0.06814735783668786,
      0.0,
      0.04763126722097354,
      0.017019173462381722,
      0.07620371157878875,
      0.0982089729730385,
      0.14475568149753926,
      0.1314716446379073,
      0.08949898102638561
    ],
    [
      0.08055303295396946,
      0.05474100980705292,
      0.1099377100511922,
      0.04890780237416387,
      0.04763126722097354,
      0.0,
      0.06768410865714308,
      0.12063377395879019,
      0.15481992593404598,
      0.05082327400712232,
      0.029757951720301115,
      0.11999665368790036
    ],
    [
      0.025672563119461176,
      0.09154384434681094,
      0.06702324959009352,
      0.12929134081575822,
      0.017019173462381722,
      0.06768410865714308,
      0.0,
      0.07489742411380226,
      0.10650729177438469,
      0.04298165981225471,
      0.07458045026363787,
      0.05290908125393878
    ],
    [
      0.05160865280260611,
      0.0845656010049756,
      0.07458083753136559,
      0.06785958811653266,
      0.07620371157878875,
      0.12063377395879019,
      0.07489742411380226,
      0.0,
      0.06391311706585308,
      0.11039086434745328,
      0.020045145630254006,
      0.10461402563544214
    ],
    [
      0.06529972289252871,
      0.07037070210590947,
      0.09876881038285497,
      0.08700135905951946,
      0.0982089729730385,
      0.15481992593404598,
      0.10650729177438469,
      0.06391311706585308,
      0.0,
      0.03818932429618172,
      0.029619113129815015,
      0.10464898466502943
    ],
    [
      0.08042199169604422,
      0.13600189828768058,
      0.09168309000527672,
      -0.002113874951316632,
      0.14475568149753926,
      0.05082327400712232,
      0.04298165981225471,
      0.11039086434745328,
      0.03818932429618172,
      0.0,
      0.11768308534422509,
      0.09778981368150765
    ],
    [
      0.0898305026209732,
      0.06841340178217448,
      0.10939777412624119,
      0.06918828938339153,
      0.1314716446379073,
      0.029757951720301115,
      0.07458045026363787,
      0.020045145630254006,
      0.029619113129815015,
      0.11768308534422509,
      0.0,
      0.02132761501667398
    ],
    [
      0.059242620252461166,
      0.0981431795857908,
      0.13397561777520675,
      0.09274774516685937,
      0.08949898102638561,
      0.11999665368790036,
      0.05290908125393878,
      0.10461402563544214,
      0.10464898466502943,
      0.09778981368150765,
      0.02132761501667398,
      0.0
    ]
  ],
  "diagnostics": {
    "ridge": 0.0001,
    "train_rmse": 6.996204355920121e-05,
    "val_rmse": 0.17283131249197592,
    "train_r2": 0.9999999987401458,
    "val_r2": 0.987928169028879,
    "val_spearman": 0.9686956521739131,
    "val_pairwise_order_accuracy": 0.9347826086956522,
    "val_top_k": 5,
    "val_top_k_recall": 0.8,
    "n_train": 72,
    "n_val": 24
  }
}