{
  "n": 12,
  "intercept": 10.778145010786966,
  "linear": [
    -1.448914308160622,
    -1.449376493111264,
    -1.711140749613317,
    -1.6999850224801216,
    -1.74969154828841,
    -1.677038702060898,
    -1.6584833629377949,
    -1.7881851010539638,
    -1.7696728336071543,
    -1.7197804998192348,
    -1.801951874026757,
    -1.757120256607261
  ],
  "quadratic_upper": [
    [
      0.0,
      0.08948518016823821,
      0.10671923966455842,
      0.033510101591705234,
      0.11737797011620578,
      0.06163265112808477,
      0.07798172013437993,
      0.01653972770878398,
      0.05287692008388931,
      0.025654231490364977,
      0.05269413146813031,
      0.09203385969131654
    ],
    [
      0.08948518016823821,
      0.0,
      0.1565605176384016,
      0.09407665648250405,
      0.07546573811044816,
      0.006336204028443917,
      0.06274460391152392,
      -0.029249534324296642,
      0.040970453440271504,
      0.11186542670145208,
      0.04081134395296176,
      0.046442690214525566
    ],
    [
      0.10671923966455842,
      0.1565605176384016,
      0.0,
      0.12474993459271444,
      0.16056780097986412,
      0.07651125585956847,
      0.04065549018782235,
      0.10659827487243766,
      0.05285736571919287,
      0.08123135788422946,
      -0.011463256596043744,
      0.02220250204598841
    ],
    [
      0.033510101591705234,
      0.09407665648250405,
      0.12474993459271444,
      0.0,
      0.08662916713580543,
      0.07203723120502727,
      0.035206882140758136,
      0.1413980111428278,
      0.07943661583471887,
      0.13957361384149514,
      0.13297624021262466,
      0.02659061560043467
    ],
    [
      0.11737797011620578,
      0.07546573811044816,
      0.16056780097986412,
      0.08662916713580543,
      0.0,
      0.06342672920145719,
      0.048937206971943016,
      0.08420942261670777,
      0.06637892999081209,
      0.06982239835267542,
      0.04914917696459346,
      0.10919699293553545
    ],
    [
      0.06163265112808477,
      0.006336204028443917,
      0.07651125585956847,
      0.07203723120502727,
      0.06342672920145719,
      0.0,
      0.10301218958722837,
      0.057358254889426495,
      0.13304887193593534,
      0.05473684880428799,
      0.11931247046221324,
      0.10687356746213111
    ],
    [
      0.07798172013437993,
      0.06274460391152392,
      0.04065549018782235,
      0.035206882140758136,
      0.048937206971943016,
      0.10301218958722837,
      0.0,
      0.02081532649354842,
      0.1019863680623043,
      0.07075804720534819,
      0.14023262753324195,
      0.10406929346804877
    ],
    [
      0.01653972770878398,
      -0.029249534324296642,
      0.10659827487243766,
      0.1413980111428278,
      0.08420942261670777,
      0.057358254889426495,
      0.02081532649354842,
      0.0,
      0.14282950282898868,
      0.10320789215845698,
      0.1646645167678172,
      0.10163472644888094
    ],
    [
      0.05287692008388931,
      0.040970453440271504,
      0.05285736571919287,
      0.07943661583471887,
      0.06637892999081209,
      0.13304887193593534,
      0.1019863680623043,
      0.14282950282898868,
      0.0,
      0.03659596810040969,
      0.11456265068080514,
      0.10809600301391561
    ],
    [
      0.025654231490364977,
      0.11186542670145208,
      0.08123135788422946,
      0.13957361384149514,
      0.06982239835267542,
      0.05473684880428799,
      0.07075804720534819,
      0.10320789215845698,
      0.03659596810040969,
      0.0,
      0.06354241001456344,
      0.05923877275460849
    ],
    [
      0.05269413146813031,
      0.04081134395296176,
      -0.011463256596043744,
      0.13297624021262466,
      0.04914917696459346,
      0.11931247046221324,
      0.14023262753324195,
      0.1646645167678172,
      0.11456265068080514,
      0.06354241001456344,
      0.0,
      0.10434007663159675
    ],
    [
      0.09203385969131654,
      0.046442690214525566,
      0.02220250204598841,
      0.02659061560043467,
      0.10919699293553545,
      0.10687356746213111,
      0.10406929346804877,
      0.10163472644888094,
      0.10809600301391561,
      0.05923877275460849,
      0.10434007663159675,
      0.0
    ]
  ],
  "diagnostics": {
    "ridge": 0.0001,
    "train_rmse": 8.19564450541648e-05,
    "val_rmse": 0.22590106155066828,
    "train_r2": 0.9999999977306074,
    "val_r2": 0.9734948838562719,
    "val_spearman": 0.9504347826086956,
    "val_pairwise_order_accuracy": 0.9130434782608695,
    "val_top_k": 5,
    "val_top_k_recall": 0.8,
    "n_train": 72,
    "n_val": 24
  }
}