{
  "n": 12,
  "intercept": 10.30116268923986,
  "linear": [
    -1.6771878999083962,
    -1.1874914014211906,
    -1.6116623966574233,
    -1.401030615441838,
    -1.6365604315669418,
    -1.6691031581919509,
    -1.207598202661724,
    -1.833529538285331,
    -1.0776578311418479,
    -1.4632245258759167,
    -2.356161385930213,
    -1.6847666877212777
  ],
  "quadratic_upper": [
    [
      0.0,
      0.10445195664633644,
      0.05395465291545805,
      -0.1364987397955607,
      0.14676556790999748,
      0.21599270935425804,
      -0.037710328428730226,
      0.03750461979446049,
      0.022328733318607862,
      0.06613105079934209,
      0.25124101568821117,
      0.18208858588790852
    ],
    [
      0.10445195664633644,
      0.0,
      -0.03633839127694444,
      0.005094763867914198,
      0.06525740473223707,
      0.08924392704569732,
      0.10578485805098614,
      0.022312281299142877,
      0.054810676698006086,
      -0.05465012759131931,
      0.13375286297855,
      0.028870814317653398
    ],
    [
      0.05395465291545805,
      -0.03633839127694444,
      0.0,
      0.18317633916539677,
      0.11492768845012376,
      0.0350876225003494,
      0.16336017192923488,
      0.07925483836964618,
      0.05410538213048614,
      0.15100308536240198,
      -0.03279375286206819,
      0.07262002297493748
    ],
    [
      -0.1364987397955607,
      0.005094763867914198,
      0.18317633916539677,
      0.0,
      0.2045356157356946,
      0.04498336860629723,
      0.05765450728245882,
      0.10300736832327162,
      0.010859844878954686,
      0.08544486072104741,
      0.12238935844983741,
      0.09954623608231261
    ],
    [
      0.14676556790999748,
      0.06525740473223707,
      0.11492768845012376,
      0.2045356157356946,
      0.0,
      0.0004613256416724896,
      0.09552597100814242,
      0.10981048599026556,
      -0.030577173997635498,
      0.020445119508094568,
      0.12017096670329226,
      0.11224137742135779
    ],
    [
      0.21599270935425804,
      0.08924392704569732,
      0.0350876225003494,
      0.04498336860629723,
      0.0004613256416724896,
      0.0,
      -0.11882852209195113,
      0.16018810598053398,
      0.12218639335111138,
      0.08789083428870005,
      0.16824990890414768,
      0.06499321109570805
    ],
    [
      -0.037710328428730226,
      0.10578485805098614,
      0.16336017192923488,
      0.05765450728245882,
      0.09552597100814242,
      -0.11882852209195113,
      0.0,
      0.12566045826172967,
      0.14999909863371705,
      0.023018023629981857,
      -0.0012831868701720728,
      -0.12035743902965845
    ],
    [
      0.03750461979446049,
      0.022312281299142877,
      0.07925483836964618,
      0.10300736832327162,
      0.10981048599026556,
      0.16018810598053398,
      0.12566045826172967,
      0.0,
      0.02022541077515565,
      0.0859828007297121,
      0.18880532398438044,
      -0.0007793152020377136
    ],
    [
      0.022328733318607862,
      0.054810676698006086,
      0.05410538213048614,
      0.010859844878954686,
      -0.030577173997635498,
      0.12218639335111138,
      0.14999909863371705,
      0.02022541077515565,
      0.0,
      -0.07774901484959136,
      -0.03355803299918428,
      0.06523193571070746
    ],
    [
      0.06613105079934209,
      -0.05465012759131931,
      0.15100308536240198,
      0.08544486072104741,
      0.020445119508094568,
      0.08789083428870005,
      0.023018023629981857,
      0.0859828007297121,
      -0.07774901484959136,
      0.0,
      0.1886975657708017,
      0.1551463857086057
    ],
    [
      0.25124101568821117,
      0.13375286297855,
      -0.03279375286206819,
      0.12238935844983741,
      0.12017096670329226,
      0.16824990890414768,
      -0.0012831868701720728,
      0.18880532398438044,
      -0.03355803299918428,
      0.1886975657708017,
      0.0,
      0.17624586363360822
    ],
    [
      0.18208858588790852,
      0.028870814317653398,
      0.07262002297493748,
      0.09954623608231261,
      0.11224137742135779,
      0.06499321109570805,
      -0.12035743902965845,
      -0.0007793152020377136,
      0.06523193571070746,
      0.1551463857086057,
      0.17624586363360822,
      0.0
    ]
  ],
  "diagnostics": {
    "ridge": 0.0001,
    "train_rmse": 0.00022450926577288863,
    "val_rmse": 0.3397821518400855,
    "train_r2": 0.9999999818688362,
    "val_r2": 0.9826525764278701,
    "val_spearman": 0.9373913043478261,
    "val_pairwise_order_accuracy": 0.9130434782608695,
    "val_top_k": 5,
    "val_top_k_recall": 0.8,
    "n_train": 72,
    "n_val": 24
  }
}