{
  "n": 12,
  "intercept": 10.093904720792812,
  "linear": [
    -1.2473359376946866,
    -1.2089524126590219,
    -1.480905351273962,
    -1.7859108994917656,
    -1.176542452061723,
    -1.5687775473460166,
    -1.7042799939108262,
    -1.0573643365700214,
    -1.9903345519079598,
    -1.6689350549902908,
    -1.5720262141638783,
    -1.9156719925216046
  ],
  "quadratic_upper": [
    [
      0.0,
      -0.08687195740482356,
      0.11200775917875491,
      0.06530118118441222,
      -0.08946166596046277,
      0.16019332079012,
      0.2410914189860738,
      -0.044337405645825605,
      0.22774260202010066,
      -0.04610057586570486,
      0.03656830600911068,
      0.11449356693471281
    ],
    [
      -0.08687195740482356,
      0.0,
      0.0607908162110124,
      0.14794839688869443,
      0.00563740400935819,
      0.03177633926360176,
      -0.04649659647314246,
      0.01863398695765919,
      0.04401034156957998,
      0.09626156350838862,
      0.10255244641212068,
      0.1399763428782282
    ],
    [
      0.11200775917875491,
      0.0607908162110124,
      0.0,
      0.09953532077849236,
      0.03930633149353433,
      0.062025541907000464,
      0.048645317205714335,
      0.012471642328873527,
      0.08739773201478075,
      0.15913460993487819,
      0.05266544153065042,
      0.04496434007140378
    ],
    [
      0.06530118118441222,
      0.14794839688869443,
      0.09953532077849236,
      0.0,
      0.19041008346238616,
      0.15596172340521194,
      0.048928152606286524,
      0.06405534123557592,
      -0.12428071906455357,
      0.05014655983677395,
      0.08350732523721682,
      0.21402365554853967
    ],
    [
      -0.08946166596046277,
      0.00563740400935819,
      0.03930633149353433,
      0.19041008346238616,
      0.0,
      0.01989736238916414,
      0.13804331770227435,
      -0.12614851417716516,
      0.22139992664204985,
      0.10828274503199298,
      0.11010168923995625,
      0.09849797937238686
    ],
    [
      0.16019332079012,
      0.03177633926360176,
      0.062025541907000464,
      0.15596172340521194,
      0.01989736238916414,
      0.0,
      0.2158721477547785,
      -0.10702769506853743,
      0.012601953015266528,
      0.06732763810490085,
      -0.027930979143425034,
      0.2195854153807825
    ],
    [
      0.2410914189860738,
      -0.04649659647314246,
      0.048645317205714335,
      0.048928152606286524,
      0.13804331770227435,
      0.2158721477547785,
      0.0,
      0.07164294782906176,
      0.0018102851467292887,
      0.05281723872736684,
      0.03544736104473698,
      0.05990219930557621
    ],
    [
      -0.044337405645825605,
      0.01863398695765919,
      0.012471642328873527,
      0.06405534123557592,
      -0.12614851417716516,
      -0.10702769506853743,
      0.07164294782906176,
      0.0,
      0.3115721023471473,
      -0.06138761745860335,
      0.05054910343773091,
      0.0751336584839199
    ],
    [
      0.22774260202010066,
      0.04401034156957998,
      0.08739773201478075,
      -0.12428071906455357,
      0.22139992664204985,
      0.012601953015266528,
      0.0018102851467292887,
      0.3115721023471473,
      0.0,
      0.11278575301064947,
      0.2998687141173112,
      -0.14109214700645484
    ],
    [
      -0.04610057586570486,
      0.09626156350838862,
      0.15913460993487819,
      0.05014655983677395,
      0.10828274503199298,
      0.06732763810490085,
      0.05281723872736684,
      -0.06138761745860335,
      0.11278575301064947,
      0.0,
      0.15195248500183273,
      0.16144449989616264
    ],
    [
      0.03656830600911068,
      0.10255244641212068,
      0.05266544153065042,
      0.08350732523721682,
      0.11010168923995625,
      -0.027930979143425034,
      0.03544736104473698,
      0.05054910343773091,
      0.2998687141173112,
      0.15195248500183273,
      0.0,
      -0.09621737137593551
    ],
    [
      0.11449356693471281,
      0.1399763428782282,
      0.04496434007140378,
      0.21402365554853967,
      0.09849797937238686,
      0.2195854153807825,
      0.05990219930557621,
      0.0751336584839199,
      -0.14109214700645484,
      0.16144449989616264,
      -0.09621737137593551,
      0.0
    ]
  ],
  "diagnostics": {
    "ridge": 0.0001,
    "train_rmse": 0.00011851979456113975,
    "val_rmse": 0.5662881679050501,
    "train_r2": 0.9999999958099473,
    "val_r2": 0.9219722964741659,
    "val_spearman": 0.9,
    "val_pairwise_order_accuracy": 0.8804347826086957,
    "val_top_k": 5,
    "val_top_k_recall": 0.6,
    "n_train": 72,
    "n_val": 24
  }
}