{
  "n": 12,
  "intercept": 10.778071532190857,
  "linear": [
    -1.6899882555722947,
    -1.529089820993035,
    -1.7295463548587482,
    -1.6898027876747175,
    -1.607737464934486,
    -1.5281706959632375,
    -1.655474734172179,
    -1.8351972351372021,
    -1.676664039184391,
    -1.7633528709062107,
    -1.8609342219076288,
    -1.7021008401390427
  ],
  "quadratic_upper": [
    [
      0.0,
      0.06596077216766076,
      0.0721693407334822,
      0.1446936637265216,
      0.12386966587588324,
      0.21370628138819062,
      0.04305694484722546,
      0.1237331256448871,
      0.046011070889347236,
      0.02308191638155148,
      0.053582487159927125,
      0.08075188645530834
    ],
    [
      0.06596077216766076,
      0.0,
      0.13480682272295913,
      0.06568381208818774,
      0.15741210545178017,
      -0.021087864633806616,
      0.02340646556340193,
      0.04448077830990267,
      0.0326274010375102,
      0.11969690375544707,
      0.12817758867904133,
      0.015002077024679655
    ],
    [
      0.0721693407334822,
      0.13480682272295913,
      0.0,
      0.05575164660423505,
      0.09145268442198656,
      0.037971624949273815,
      0.053982557485823285,
      0.0863639286560407,
      0.11383545914464249,
      0.07985916292656321,
      0.08807356686302452,
      0.1121942147797915
    ],
    [
      0.1446936637265216,
      0.06568381208818774,
      0.05575164660423505,
      0.0,
      0.09804425961560956,
      0.09374508223774887,
      0.08409051609293697,
      0.12531721311810615,
      0.09363322453201736,
      0.06575307188439586,
      0.07604105929895846,
      0.03166029185433244
    ],
    [
      0.12386966587588324,
      0.15741210545178017,
      0.09145268442198656,
      0.09804425961560956,
      0.0,
      0.04664747584730494,
      0.05891587325949445,
      0.065669427178554,
      0.06144746519632038,
      0.020940466188142767,
      0.10692886400616948,
      0.02993560937129109
    ],
    [
      0.21370628138819062,
      -0.021087864633806616,
      0.037971624949273815,
      0.09374508223774887,
      0.04664747584730494,
      0.0,
      0.057806236096333924,
      0.10963884970767723,
      0.011514293724103227,
      0.07848742426437572,
      0.07811195765547656,
      0.0677709950730818
    ],
    [
      0.04305694484722546,
      0.02340646556340193,
      0.053982557485823285,
      0.08409051609293697,
      0.05891587325949445,
      0.057806236096333924,
      0.0,
      0.10460773750096758,
      0.10286989527032195,
      0.11697588663989114,
      0.022119053213285073,
      0.07471907206069339
    ],
    [
      0.1237331256448871,
      0.04448077830990267,
      0.0863639286560407,
      0.12531721311810615,
      0.065669427178554,
      0.10963884970767723,
      0.10460773750096758,
      0.0,
      0.08216740653371817,
      0.04180398667632583,
      0.0873942767861574,
      0.1180249041803937
    ],
    [
      0.046011070889347236,
      0.0326274010375102,
      0.11383545914464249,
      0.09363322453201736,
      0.06144746519632038,
      0.011514293724103227,
      0.10286989527032195,
      0.08216740653371817,
      0.0,
      0.10502610078791483,
      0.03851202932259896,
      0.0755500280220478
    ],
    [
      0.02308191638155148,
      0.11969690375544707,
      0.07985916292656321,
      0.06575307188439586,
      0.020940466188142767,
      0.07848742426437572,
      0.11697588663989114,
      0.04180398667632583,
      0.10502610078791483,
      0.0,
      0.17393147019283847,
      0.10814927501183122
    ],
    [
      0.053582487159927125,
      0.12817758867904133,
      0.08807356686302452,
      0.07604105929895846,
      0.10692886400616948,
      0.07811195765547656,
      0.022119053213285073,
      0.0873942767861574,
      0.03851202932259896,
      0.17393147019283847,
      0.0,
      0.09644380308732142
    ],
    [
      0.08075188645530834,
      0.015002077024679655,
      0.1121942147797915,
      0.03166029185433244,
      0.02993560937129109,
      0.0677709950730818,
      0.07471907206069339,
      0.1180249041803937,
      0.0755500280220478,
      0.10814927501183122,
      0.09644380308732142,
      0.0
    ]
  ],
  "diagnostics": {
    "ridge": 0.0001,
    "train_rmse": 0.00010091331593692453,
    "val_rmse": 0.16661045545575964,
    "train_r2": 0.9999999969297981,
    "val_r2": 0.9907040774040791,
    "val_spearman": 0.9895652173913043,
    "val_pairwise_order_accuracy": 0.967391304347826,
    "val_top_k": 5,
    "val_top_k_recall": 1.0,
    "n_train": 72,
    "n_val": 24
  }
}