{
  "n": 12,
  "intercept": 10.778080050303462,
  "linear": [
    -1.6847553098084507,
    -1.6990343198552968,
    -1.7370752935580975,
    -1.646879293366723,
    -1.611077310526769,
    -1.6922607546946649,
    -1.544456188107352,
    -1.7314074181266395,
    -1.7336873551254508,
    -1.869307455334227,
    -1.6233238457003951,
    -1.8119242692590214
  ],
  "quadratic_upper": [
    [
      0.0,
      0.11669267668709583,
      0.0989994935124807,
      0.0867763986593851,
      0.05973289389811226,
      0.024091751783590798,
      0.061548105550095523,
      0.05604224150640196,
      0.09324282746978507,
      0.11884497965442915,
      0.08854026248238694,
      0.08860398038156615
    ],
    [
      0.11669267668709583,
      0.0,
      0.06896356476411687,
      0.04908457413685045,
      0.03906311671736093,
      0.10612749708967066,
      0.09017891107745513,
      0.06436484708849395,
      0.05615653129785254,
      0.1034833346608119,
      0.09512668436594521,
      0.09317907521677471
    ],
    [
      0.0989994935124807,
      0.06896356476411687,
      0.0,
      0.06014777742577974,
      0.10567072461104633,
      0.10808536978341304,
      0.07964396319008575,
      0.07860750409391308,
      0.06655575082466635,
      0.11301219867493274,
      0.09006472697184083,
      0.09930542111772046
    ],
    [
      0.0867763986593851,
      0.04908457413685045,
      0.06014777742577974,
      0.0,
      0.1672518469899018,
      0.10157919039727395,
      -0.0026797857523967535,
      0.10057970987920725,
      0.06457787528012873,
      0.12870643340176152,
      0.10262336277870297,
      0.05660182058778902
    ],
    [
      0.05973289389811226,
      0.03906311671736093,
      0.10567072461104633,
      0.1672518469899018,
      0.0,
      0.11662632773148607,
      0.001381778826024254,
      0.08820388662550697,
      0.04546740661371797,
      0.08875211206572017,
      0.04923612329136334,
      0.08864480613379148
    ],
    [
      0.024091751783590798,
      0.10612749708967066,
      0.10808536978341304,
      0.10157919039727395,
      0.11662632773148607,
      0.0,
      0.0442938262475613,
      0.09361989877012947,
      0.08181579457087848,
      0.07609440901430914,
      0.05670221298521841,
      0.07878061146228486
    ],
    [
      0.061548105550095523,
      0.09017891107745513,
      0.07964396319008575,
      -0.0026797857523967535,
      0.001381778826024254,
      0.0442938262475613,
      0.0,
      0.08373330537136987,
      0.1355624580251406,
      0.0686038952650176,
      0.02883973300788529,
      0.0786899507668535
    ],
    [
      0.05604224150640196,
      0.06436484708849395,
      0.07860750409391308,
      0.10057970987920725,
      0.08820388662550697,
      0.09361989877012947,
      0.08373330537136987,
      0.0,
      0.09171417936781916,
      0.07025161384196899,
      0.08799198371422166,
      0.0583583263634635
    ],
    [
      0.09324282746978507,
      0.05615653129785254,
      0.06655575082466635,
      0.06457787528012873,
      0.04546740661371797,
      0.08181579457087848,
      0.1355624580251406,
      0.09171417936781916,
      0.0,
      0.09566582944966703,
      0.09273102489565098,
      0.08971000908876159
    ],
    [
      0.11884497965442915,
      0.1034833346608119,
      0.11301219867493274,
      0.12870643340176152,
      0.08875211206572017,
      0.07609440901430914,
      0.0686038952650176,
      0.07025161384196899,
      0.09566582944966703,
      0.0,
      0.04583475067774663,
      0.09204085002086881
    ],
    [
      0.08854026248238694,
      0.09512668436594521,
      0.09006472697184083,
      0.10262336277870297,
      0.04923612329136334,
      0.05670221298521841,
      0.02883973300788529,
      0.08799198371422166,
      0.09273102489565098,
      0.04583475067774663,
      0.0,
      0.07086453045930179
    ],
    [
      0.08860398038156615,
      0.09317907521677471,
      0.09930542111772046,
      0.05660182058778902,
      0.08864480613379148,
      0.07878061146228486,
      0.0786899507668535,
      0.0583583263634635,
      0.08971000908876159,
      0.09204085002086881,
      0.07086453045930179,
      0.0
    ]
  ],
  "diagnostics": {
    "ridge": 0.0001,
    "train_rmse": 6.712108207842385e-05,
    "val_rmse": 0.11792148191867637,
    "train_r2": 0.9999999987328998,
    "val_r2": 0.9966677112211009,
    "val_spearman": 0.9860869565217392,
    "val_pairwise_order_accuracy": 0.9637681159420289,
    "val_top_k": 5,
    "val_top_k_recall": 0.8,
    "n_train": 72,
    "n_val": 24
  }
}