{
  "n": 12,
  "intercept": 10.778112937677724,
  "linear": [
    -1.4480315158751174,
    -1.711176319147801,
    -1.8714016633106847,
    -1.563924949568732,
    -1.5163202884783564,
    -1.6814425106292605,
    -1.6862826525042018,
    -1.6385253643697957,
    -1.7493417828933673,
    -1.671759427901756,
    -1.7300061276901912,
    -1.7620997549830044
  ],
  "quadratic_upper": [
    [
      0.0,
      -0.04005464542281021,
      0.06807136057768648,
      0.13647780145270574,
      0.15277179868027063,
      0.17514736629220085,
      0.04819830031359704,
      0.027189929741586693,
      0.07037474457158342,
      0.046080374996944465,
      0.04791902082447468,
      0.06518567853552937
    ],
    [
      -0.04005464542281021,
      0.0,
      0.12141148005241571,
      0.060240272001175744,
      0.02971855946446565,
      0.07518932087423515,
      0.10491755396244046,
      0.16250574220330907,
      -0.015747210204343224,
      0.16618272606296028,
      0.14831029180288519,
      0.10687383160662034
    ],
    [
      0.06807136057768648,
      0.12141148005241571,
      0.0,
      0.04482356886850309,
      0.0035259573729519173,
      0.04705870027594201,
      0.08907531322112365,
      0.17838568845109545,
      0.14155298827526994,
      0.12660501680259997,
      0.12259008151031577,
      0.11481451420791958
    ],
    [
      0.13647780145270574,
      0.060240272001175744,
      0.04482356886850309,
      0.0,
      0.11496431421036696,
      0.15435750471962847,
      0.10042382661634931,
      -0.029261052754051296,
      0.10756162150358116,
      -0.016788235173670896,
      0.05364895338761572,
      0.033813153680745035
    ],
    [
      0.15277179868027063,
      0.02971855946446565,
      0.0035259573729519173,
      0.11496431421036696,
      0.0,
      0.05105937080076087,
      0.0467509915083062,
      -0.009736732673885138,
      0.09781481142392166,
      0.10200728467359343,
      0.04999898780528518,
      0.12316351361483567
    ],
    [
      0.17514736629220085,
      0.07518932087423515,
      0.04705870027594201,
      0.15435750471962847,
      0.05105937080076087,
      0.0,
      0.03941994563477658,
      0.020560966638788897,
      0.08700394364013513,
      0.034997004716474746,
      0.05590503585535449,
      0.11441628046911267
    ],
    [
      0.04819830031359704,
      0.10491755396244046,
      0.08907531322112365,
      0.10042382661634931,
      0.0467509915083062,
      0.03941994563477658,
      0.0,
      0.19337194344528,
      0.1321274326997347,
      -0.049493301244432034,
      0.12122009598363717,
      -0.007009234947866025
    ],
    [
      0.027189929741586693,
      0.16250574220330907,
      0.17838568845109545,
      -0.029261052754051296,
      -0.009736732673885138,
      0.020560966638788897,
      0.19337194344528,
      0.0,
      0.057506941698006894,
      0.06322332589829607,
      0.09030656010158639,
      -0.008246006803792939
    ],
    [
      0.07037474457158342,
      -0.015747210204343224,
      0.14155298827526994,
      0.10756162150358116,
      0.09781481142392166,
      0.08700394364013513,
      0.1321274326997347,
      0.057506941698006894,
      0.0,
      0.09026922542475095,
      0.0173242366273298,
      0.10393217813222379
    ],
    [
      0.046080374996944465,
      0.16618272606296028,
      0.12660501680259997,
      -0.016788235173670896,
      0.10200728467359343,
      0.034997004716474746,
      -0.049493301244432034,
      0.06322332589829607,
      0.09026922542475095,
      0.0,
      0.08599902602901736,
      0.16309609211671175
    ],
    [
      0.04791902082447468,
      0.14831029180288519,
      0.12259008151031577,
      0.05364895338761572,
      0.04999898780528518,
      0.05590503585535449,
      0.12122009598363717,
      0.09030656010158639,
      0.0173242366273298,
      0.08599902602901736,
      0.0,
      0.09065954555585146
    ],
    [
      0.06518567853552937,
      0.10687383160662034,
      0.11481451420791958,
      0.033813153680745035,
      0.12316351361483567,
      0.11441628046911267,
      -0.007009234947866025,
      -0.008246006803792939,
      0.10393217813222379,
      0.16309609211671175,
      0.09065954555585146,
      0.0
    ]
  ],
  "diagnostics": {
    "ridge": 0.0001,
    "train_rmse": 8.385533346766428e-05,
    "val_rmse": 0.23741131827227266,
    "train_r2": 0.9999999982739719,
    "val_r2": 0.9833053551128896,
    "val_spearman": 0.9686956521739131,
    "val_pairwise_order_accuracy": 0.9456521739130435,
    "val_top_k": 5,
    "val_top_k_recall": 0.8,
    "n_train": 72,
    "n_val": 24
  }
}