{
  "source": "NASA/JPL Three-Body Periodic Orbits API",
  "retrieved_by_user": true,
  "normalization": "Earth-Moon CR3BP, rotating/synodic frame, nondimensional units",
  "mu": 0.01215058560962404,
  "states": {
    "initial_nrho_like_l2_southern_halo": {
      "api_query": {
        "family": "halo",
        "libr": 2,
        "branch": "S",
        "period_min_TU": 1.55,
        "period_max_TU": 1.65,
        "row": "first"
      },
      "state": [1.0324985738111556, 0.0, -0.1884844917107408, 0.0, -0.12497812868355644, 0.0],
      "period": 1.6499858526943065,
      "jacobi": 3.03709436284521,
      "stability": 1.56630963643572
    },
    "target_dro_seed": {
      "api_query": {
        "family": "dro",
        "period_min_TU": 2.0,
        "period_max_TU": 3.0,
        "jacobi_min": 2.9,
        "jacobi_max": 3.1,
        "row": "first"
      },
      "state": [0.81612608274233645, 0.0, 0.0, 0.0, 0.50765569313580439, 0.0],
      "period": 2.9973597112018942,
      "jacobi": 2.93517365602214,
      "stability": 1.00000000021069
    }
  },
  "target_definition": "The fixed target state is generated by ballistic propagation of target_dro_seed for the configured transfer_time."
}
