{
  "n": 8,
  "intercept": 0.7137830059290909,
  "linear": [
    0.10257095036977773,
    0.09201403141820214,
    0.08801206520829526,
    0.07289439847206897,
    0.060093599099111,
    -0.014352259126292073,
    -0.013514522592743794,
    0.028034358037715257
  ],
  "quadratic_upper": [
    [
      0.0,
      -0.0014763793791357093,
      0.0041532399745086235,
      0.005524710557454713,
      -0.0011292102930007908,
      -0.001128480879188156,
      0.0006909021872905109,
      -0.011220510183015606
    ],
    [
      -0.0014763793791357093,
      0.0,
      0.015553223581715816,
      0.003207849747662572,
      -0.008789759588133501,
      0.002628298019481917,
      -0.0013161770253788743,
      -0.004502132603004295
    ],
    [
      0.0041532399745086235,
      0.015553223581715816,
      0.0,
      -0.01797399660575509,
      -0.012827559148532074,
      0.010824042912959603,
      -0.0028665068791397996,
      -0.011616059811037657
    ],
    [
      0.005524710557454713,
      0.003207849747662572,
      -0.01797399660575509,
      0.0,
      -0.015294072365506443,
      -0.0018018947605780394,
      -0.008041421408233771,
      0.018031003645845194
    ],
    [
      -0.0011292102930007908,
      -0.008789759588133501,
      -0.012827559148532074,
      -0.015294072365506443,
      0.0,
      -0.010566267377319884,
      -0.004660499176892171,
      -0.022628206657354828
    ],
    [
      -0.001128480879188156,
      0.002628298019481917,
      0.010824042912959603,
      -0.0018018947605780394,
      -0.010566267377319884,
      0.0,
      -0.009503731920687843,
      -0.020593938411818453
    ],
    [
      0.0006909021872905109,
      -0.0013161770253788743,
      -0.0028665068791397996,
      -0.008041421408233771,
      -0.004660499176892171,
      -0.009503731920687843,
      0.0,
      -0.006370446560063206
    ],
    [
      -0.011220510183015606,
      -0.004502132603004295,
      -0.011616059811037657,
      0.018031003645845194,
      -0.022628206657354828,
      -0.020593938411818453,
      -0.006370446560063206,
      0.0
    ]
  ],
  "diagnostics": {
    "ridge": 0.0001,
    "train_rmse": 4.819875560051184e-06,
    "val_rmse": 0.027164139472738186,
    "train_r2": 0.9999999974118239,
    "val_r2": 0.954933144253542,
    "val_spearman": 0.9761904761904762,
    "val_pairwise_order_accuracy": 0.9642857142857143,
    "val_top_k": 2,
    "val_top_k_recall": 0.5,
    "n_train": 24,
    "n_val": 8
  }
}