{
  "n": 8,
  "intercept": 0.8382106688273095,
  "linear": [
    0.08185038524551456,
    0.06357900511948354,
    0.04542816574116494,
    0.03686662560788041,
    -0.010069259193605547,
    -0.013479931145659204,
    -0.05081582212345509,
    -0.07522175852655147
  ],
  "quadratic_upper": [
    [
      0.0,
      0.013339394667430535,
      0.006554355321582682,
      0.005774241502981507,
      -0.012236122942387519,
      -0.02286951130653584,
      0.01201662532405768,
      0.01473534323457314
    ],
    [
      0.013339394667430535,
      0.0,
      0.0018079268856540992,
      -0.008529849371248758,
      0.00017848799111146196,
      -0.005026327043168962,
      -0.0065931297383294086,
      0.005874006145508472
    ],
    [
      0.006554355321582682,
      0.0018079268856540992,
      0.0,
      0.0022218666993775054,
      0.0016672540050062645,
      0.00964396970460644,
      0.01980050581944197,
      0.008801891405106937
    ],
    [
      0.005774241502981507,
      -0.008529849371248758,
      0.0022218666993775054,
      0.0,
      -0.0032953003428696755,
      0.0056327520493167456,
      -0.004031719283216904,
      0.0014658350089555687
    ],
    [
      -0.012236122942387519,
      0.00017848799111146196,
      0.0016672540050062645,
      -0.0032953003428696755,
      0.0,
      -0.0032953003428704223,
      -0.007291244162291263,
      -0.002122602496244171
    ],
    [
      -0.02286951130653584,
      -0.005026327043168962,
      0.00964396970460644,
      0.0056327520493167456,
      -0.0032953003428704223,
      0.0,
      0.00500655717644038,
      -0.009818452791898847
    ],
    [
      0.01201662532405768,
      -0.0065931297383294086,
      0.01980050581944197,
      -0.004031719283216904,
      -0.007291244162291263,
      0.00500655717644038,
      0.0,
      -0.036518338176259886
    ],
    [
      0.01473534323457314,
      0.005874006145508472,
      0.008801891405106937,
      0.0014658350089555687,
      -0.002122602496244171,
      -0.009818452791898847,
      -0.036518338176259886,
      0.0
    ]
  ],
  "diagnostics": {
    "ridge": 0.0001,
    "train_rmse": 5.0454353531696885e-06,
    "val_rmse": 0.07957778009805794,
    "train_r2": 0.9999999981730693,
    "val_r2": 0.653020838825983,
    "val_spearman": 0.9285714285714286,
    "val_pairwise_order_accuracy": 0.8928571428571429,
    "val_top_k": 2,
    "val_top_k_recall": 1.0,
    "n_train": 24,
    "n_val": 8
  }
}