{
  "n": 8,
  "intercept": 0.695259259307817,
  "linear": [
    0.11616763435499884,
    0.07041132754279945,
    0.062041362720044256,
    0.06773797191392161,
    0.060477020194730786,
    -0.006224966385214336,
    0.044388970755840966,
    0.028351504379706998
  ],
  "quadratic_upper": [
    [
      0.0,
      0.0038417816577319976,
      0.011072150309554014,
      0.023788988324251116,
      -0.013088320106455007,
      -0.0033786572477653436,
      -0.01511300178020825,
      -0.004006729653503508
    ],
    [
      0.0038417816577319976,
      0.0,
      -0.016796370612061115,
      -0.013415480648186744,
      0.0035876941533543004,
      -0.0032656077515682445,
      0.005374223427559896,
      0.010798524613948365
    ],
    [
      0.011072150309554014,
      -0.016796370612061115,
      0.0,
      0.004713036917641443,
      -0.005047955598616314,
      -0.00244654046572273,
      -0.0029457450314033335,
      -0.002248391717678009
    ],
    [
      0.023788988324251116,
      -0.013415480648186744,
      0.004713036917641443,
      0.0,
      -0.026586253116943404,
      0.016322345115910738,
      -0.012814278456396962,
      -0.002527894481332085
    ],
    [
      -0.013088320106455007,
      0.0035876941533543004,
      -0.005047955598616314,
      -0.026586253116943404,
      0.0,
      -0.001179082795534327,
      -0.005720532922512773,
      -0.010474732068016883
    ],
    [
      -0.0033786572477653436,
      -0.0032656077515682445,
      -0.00244654046572273,
      0.016322345115910738,
      -0.001179082795534327,
      0.0,
      -0.027431429416881817,
      -0.016432693795966284
    ],
    [
      -0.01511300178020825,
      0.005374223427559896,
      -0.0029457450314033335,
      -0.012814278456396962,
      -0.005720532922512773,
      -0.027431429416881817,
      0.0,
      -0.01281427846088881
    ],
    [
      -0.004006729653503508,
      0.010798524613948365,
      -0.002248391717678009,
      -0.002527894481332085,
      -0.010474732068016883,
      -0.016432693795966284,
      -0.01281427846088881,
      0.0
    ]
  ],
  "diagnostics": {
    "ridge": 0.0001,
    "train_rmse": 5.944697181075484e-06,
    "val_rmse": 0.08157020246317326,
    "train_r2": 0.9999999965025479,
    "val_r2": 0.3214559025679822,
    "val_spearman": 0.30952380952380953,
    "val_pairwise_order_accuracy": 0.6071428571428571,
    "val_top_k": 2,
    "val_top_k_recall": 0.5,
    "n_train": 24,
    "n_val": 8
  }
}