{
  "n": 8,
  "intercept": 0.6952546027210701,
  "linear": [
    0.10760171575449327,
    0.06534486806606789,
    0.08192707332213757,
    0.08714890667266445,
    0.04424231256044291,
    0.014655658949074895,
    0.042750920182410744,
    0.03410119995601766
  ],
  "quadratic_upper": [
    [
      0.0,
      -0.0031033226370320586,
      0.001233104129082404,
      0.01698486369647246,
      0.006692215639532655,
      -0.004474498853472976,
      -0.007962317426700852,
      -0.011849326849138453
    ],
    [
      -0.0031033226370320586,
      0.0,
      0.002114478349547139,
      0.008700363246371894,
      -0.01659191947318788,
      0.009977922591628944,
      -0.012530996737544358,
      0.013168309465292037
    ],
    [
      0.001233104129082404,
      0.002114478349547139,
      0.0,
      -0.0010381060278145207,
      0.001254642362173752,
      -0.010013107948050486,
      0.012981087861544255,
      -0.002380524669683831
    ],
    [
      0.01698486369647246,
      0.008700363246371894,
      -0.0010381060278145207,
      0.0,
      -0.010302359911874538,
      -0.015273065098596505,
      -0.011430761042731092,
      -0.0021386886120377995
    ],
    [
      0.006692215639532655,
      -0.01659191947318788,
      0.001254642362173752,
      -0.010302359911874538,
      0.0,
      -0.015059034658097143,
      -0.019429094280870307,
      -0.009046517545767846
    ],
    [
      -0.004474498853472976,
      0.009977922591628944,
      -0.010013107948050486,
      -0.015273065098596505,
      -0.015059034658097143,
      0.0,
      -0.020405762952515845,
      -0.018496628269666592
    ],
    [
      -0.007962317426700852,
      -0.012530996737544358,
      0.012981087861544255,
      -0.011430761042731092,
      -0.019429094280870307,
      -0.020405762952515845,
      0.0,
      -0.017025999752562044
    ],
    [
      -0.011849326849138453,
      0.013168309465292037,
      -0.002380524669683831,
      -0.0021386886120377995,
      -0.009046517545767846,
      -0.018496628269666592,
      -0.017025999752562044,
      0.0
    ]
  ],
  "diagnostics": {
    "ridge": 0.0001,
    "train_rmse": 4.848092229314307e-06,
    "val_rmse": 0.033329219686578655,
    "train_r2": 0.9999999973825444,
    "val_r2": 0.8959545613508544,
    "val_spearman": 1.0,
    "val_pairwise_order_accuracy": 1.0,
    "val_top_k": 2,
    "val_top_k_recall": 1.0,
    "n_train": 24,
    "n_val": 8
  }
}