{
  "n": 8,
  "intercept": 0.6952580897403725,
  "linear": [
    0.1254092585750621,
    0.041088453304018724,
    0.04427202574104893,
    0.0847152820745188,
    0.030495534547387966,
    0.03433849409246854,
    0.03161448108808579,
    0.022035927198984645
  ],
  "quadratic_upper": [
    [
      0.0,
      0.01044888586408157,
      -0.00020981828283882982,
      0.0009302221461603803,
      -0.0260713730732376,
      0.008959732497699886,
      -0.017115437913726553,
      -0.00755650250949618
    ],
    [
      0.01044888586408157,
      0.0,
      -0.007590996635279129,
      0.008599505749520639,
      -0.005261223897658577,
      0.003568293501870195,
      -0.00014520991891077555,
      0.00102622404070291
    ],
    [
      -0.00020981828283882982,
      -0.007590996635279129,
      0.0,
      0.0015955765964456832,
      0.00503959840633212,
      0.011114935568677526,
      -0.0069635331205066715,
      0.001100434669135423
    ],
    [
      0.0009302221461603803,
      0.008599505749520639,
      0.0015955765964456832,
      0.0,
      0.00011154331024520604,
      -0.00025594990398866225,
      -0.003720315515189573,
      -0.005491360370544153
    ],
    [
      -0.0260713730732376,
      -0.005261223897658577,
      0.00503959840633212,
      0.00011154331024520604,
      0.0,
      -0.016776682802293354,
      -0.004553275946626284,
      -0.004250130195550087
    ],
    [
      0.008959732497699886,
      0.003568293501870195,
      0.011114935568677526,
      -0.00025594990398866225,
      -0.016776682802293354,
      0.0,
      -0.02351463115467123,
      -0.020715846543229464
    ],
    [
      -0.017115437913726553,
      -0.00014520991891077555,
      -0.0069635331205066715,
      -0.003720315515189573,
      -0.004553275946626284,
      -0.02351463115467123,
      0.0,
      -0.005848663153771431
    ],
    [
      -0.00755650250949618,
      0.00102622404070291,
      0.001100434669135423,
      -0.005491360370544153,
      -0.004250130195550087,
      -0.020715846543229464,
      -0.005848663153771431,
      0.0
    ]
  ],
  "diagnostics": {
    "ridge": 0.0001,
    "train_rmse": 5.238026903745405e-06,
    "val_rmse": 0.045805042692918144,
    "train_r2": 0.999999996273603,
    "val_r2": 0.8637732459316034,
    "val_spearman": 0.9523809523809523,
    "val_pairwise_order_accuracy": 0.9285714285714286,
    "val_top_k": 2,
    "val_top_k_recall": 0.5,
    "n_train": 24,
    "n_val": 8
  }
}