{
  "n": 12,
  "intercept": 10.165850995918595,
  "linear": [
    -1.3170147553477038,
    -1.1867609231376455,
    -1.9494368343022723,
    -1.5803261721164672,
    -1.6729862126437773,
    -1.349122773943278,
    -1.5203530311410862,
    -1.6809834712351703,
    -2.1291245525820726,
    -1.2623704731455894,
    -1.5262844129745707,
    -1.4203254942165437
  ],
  "quadratic_upper": [
    [
      0.0,
      0.1866087577525911,
      0.03171494675138347,
      0.10074583730019666,
      0.058213387570289474,
      -0.1099079188107653,
      0.04539562437501617,
      0.30849759606629973,
      0.12028190426186196,
      -0.10924374304280816,
      0.008653745431926053,
      -0.05613288888508089
    ],
    [
      0.1866087577525911,
      0.0,
      0.11618740237138565,
      -0.15045611251920152,
      0.08244065503623414,
      0.006633918315730441,
      0.015414613888545587,
      -0.07408892223425227,
      0.2864724087246775,
      0.034022702487837314,
      0.14918990374373736,
      -0.02239763550346438
    ],
    [
      0.03171494675138347,
      0.11618740237138565,
      0.0,
      0.26467670320852904,
      0.16795322925084394,
      0.033235863298746435,
      0.0011322185132930072,
      0.04094515200468488,
      0.08810232304609222,
      0.10212532798030421,
      0.07677559694630641,
      0.11383848461833294
    ],
    [
      0.10074583730019666,
      -0.15045611251920152,
      0.26467670320852904,
      0.0,
      -0.00795072061307989,
      0.1759717789034556,
      0.08150146998791079,
      -0.13817368558271428,
      -0.04336365189640888,
      0.15706093567539858,
      0.03300493937205843,
      0.1021070333608484
    ],
    [
      0.058213387570289474,
      0.08244065503623414,
      0.16795322925084394,
      -0.00795072061307989,
      0.0,
      0.16535686389518095,
      0.21479043226912695,
      0.030687110171413078,
      0.08733161317397871,
      -0.0014385362319673076,
      0.03209170982024316,
      0.09136659302950306
    ],
    [
      -0.1099079188107653,
      0.006633918315730441,
      0.033235863298746435,
      0.1759717789034556,
      0.16535686389518095,
      0.0,
      0.12497294156506986,
      -0.004335022465845619,
      0.04433453126688057,
      0.03675634426960857,
      0.2059390299567069,
      0.0009734934226703284
    ],
    [
      0.04539562437501617,
      0.015414613888545587,
      0.0011322185132930072,
      0.08150146998791079,
      0.21479043226912695,
      0.12497294156506986,
      0.0,
      0.17609090302823185,
      0.08265480515735565,
      0.012044217527811945,
      0.10160245465321184,
      0.02497389700696591
    ],
    [
      0.30849759606629973,
      -0.07408892223425227,
      0.04094515200468488,
      -0.13817368558271428,
      0.030687110171413078,
      -0.004335022465845619,
      0.17609090302823185,
      0.0,
      0.11714519325789957,
      0.04910103613847969,
      0.11179736355088819,
      0.10921469205701514
    ],
    [
      0.12028190426186196,
      0.2864724087246775,
      0.08810232304609222,
      -0.04336365189640888,
      0.08733161317397871,
      0.04433453126688057,
      0.08265480515735565,
      0.11714519325789957,
      0.0,
      0.22881747724854842,
      0.005520711063118147,
      0.23012009144716083
    ],
    [
      -0.10924374304280816,
      0.034022702487837314,
      0.10212532798030421,
      0.15706093567539858,
      -0.0014385362319673076,
      0.03675634426960857,
      0.012044217527811945,
      0.04910103613847969,
      0.22881747724854842,
      0.0,
      0.016620729300988644,
      0.040218344186624996
    ],
    [
      0.008653745431926053,
      0.14918990374373736,
      0.07677559694630641,
      0.03300493937205843,
      0.03209170982024316,
      0.2059390299567069,
      0.10160245465321184,
      0.11179736355088819,
      0.005520711063118147,
      0.016620729300988644,
      0.0,
      0.07855391198836385
    ],
    [
      -0.05613288888508089,
      -0.02239763550346438,
      0.11383848461833294,
      0.1021070333608484,
      0.09136659302950306,
      0.0009734934226703284,
      0.02497389700696591,
      0.10921469205701514,
      0.23012009144716083,
      0.040218344186624996,
      0.07855391198836385,
      0.0
    ]
  ],
  "diagnostics": {
    "ridge": 0.0001,
    "train_rmse": 0.00013097585850569253,
    "val_rmse": 0.5063660622765409,
    "train_r2": 0.9999999942665505,
    "val_r2": 0.9361073869053514,
    "val_spearman": 0.9060461070030447,
    "val_pairwise_order_accuracy": 0.8727272727272727,
    "val_top_k": 5,
    "val_top_k_recall": 0.6,
    "n_train": 72,
    "n_val": 24
  }
}