{
  "n": 12,
  "intercept": 9.91422481063178,
  "linear": [
    -1.8464198444143542,
    -1.754206316152487,
    -1.3635456255613394,
    -1.449496179281953,
    -0.8146193680402166,
    -1.9623628257640573,
    -1.1967301895926776,
    -1.6623580014841701,
    -1.0743177064845035,
    -1.5755587993527567,
    -1.446066243095257,
    -1.7764908356600744
  ],
  "quadratic_upper": [
    [
      0.0,
      0.10560958005317182,
      0.009509267150026252,
      0.0355812098141178,
      -0.06433366775117419,
      0.24022624750048524,
      -0.014233733608370677,
      0.2803482217950166,
      0.1018790264464994,
      0.14729298129520388,
      0.18180851295113812,
      0.12756544585794652
    ],
    [
      0.10560958005317182,
      0.0,
      -0.012501175732692112,
      -0.0069510007278854,
      0.30039475295828294,
      -0.10637773017341097,
      0.21213993017972413,
      0.14467782538098187,
      0.12915883855243865,
      0.01681451142218069,
      0.040577288441989955,
      0.014283154097935208
    ],
    [
      0.009509267150026252,
      -0.012501175732692112,
      0.0,
      0.04728365992313498,
      0.0971238314820527,
      0.12207196318461011,
      0.25657118817571056,
      0.02726229328367079,
      -0.01300805644231218,
      0.1970210995801718,
      0.02315202235799749,
      0.03401716593598875
    ],
    [
      0.0355812098141178,
      -0.0069510007278854,
      0.04728365992313498,
      0.0,
      -0.016242257486074774,
      0.16326528655740005,
      0.14611613772478865,
      -0.07030458602702865,
      0.06065011480921177,
      0.17934078711285287,
      0.20286560738083634,
      0.1039586988708797
    ],
    [
      -0.06433366775117419,
      0.30039475295828294,
      0.0971238314820527,
      -0.016242257486074774,
      0.0,
      0.09724946855030936,
      0.10480175405886274,
      -0.07046935729688993,
      -0.08447391435831159,
      -0.03003722462481684,
      -0.08204358665373884,
      0.05543356483844656
    ],
    [
      0.24022624750048524,
      -0.10637773017341097,
      0.12207196318461011,
      0.16326528655740005,
      0.09724946855030936,
      0.0,
      -0.2032697995705282,
      0.17742953231215078,
      -0.04200746228837195,
      0.0912335134273834,
      0.19334830003789458,
      0.2169504777356284
    ],
    [
      -0.014233733608370677,
      0.21213993017972413,
      0.25657118817571056,
      0.14611613772478865,
      0.10480175405886274,
      -0.2032697995705282,
      0.0,
      0.018957346171027265,
      0.06067371831858179,
      0.06108653414251278,
      -0.2284572067081566,
      0.19909331501287109
    ],
    [
      0.2803482217950166,
      0.14467782538098187,
      0.02726229328367079,
      -0.07030458602702865,
      -0.07046935729688993,
      0.17742953231215078,
      0.018957346171027265,
      0.0,
      0.004133430295588607,
      0.15802677336019222,
      0.10027624114162445,
      0.08025327394220598
    ],
    [
      0.1018790264464994,
      0.12915883855243865,
      -0.01300805644231218,
      0.06065011480921177,
      -0.08447391435831159,
      -0.04200746228837195,
      0.06067371831858179,
      0.004133430295588607,
      0.0,
      0.024470279138672796,
      0.10876618448645899,
      -0.06865891822772953
    ],
    [
      0.14729298129520388,
      0.01681451142218069,
      0.1970210995801718,
      0.17934078711285287,
      -0.03003722462481684,
      0.0912335134273834,
      0.06108653414251278,
      0.15802677336019222,
      0.024470279138672796,
      0.0,
      0.0419364340679597,
      -0.010234226999569832
    ],
    [
      0.18180851295113812,
      0.040577288441989955,
      0.02315202235799749,
      0.20286560738083634,
      -0.08204358665373884,
      0.19334830003789458,
      -0.2284572067081566,
      0.10027624114162445,
      0.10876618448645899,
      0.0419364340679597,
      0.0,
      0.06037594470632842
    ],
    [
      0.12756544585794652,
      0.014283154097935208,
      0.03401716593598875,
      0.1039586988708797,
      0.05543356483844656,
      0.2169504777356284,
      0.19909331501287109,
      0.08025327394220598,
      -0.06865891822772953,
      -0.010234226999569832,
      0.06037594470632842,
      0.0
    ]
  ],
  "diagnostics": {
    "ridge": 0.0001,
    "train_rmse": 0.00017417087389187002,
    "val_rmse": 0.5265310120373468,
    "train_r2": 0.9999999906918218,
    "val_r2": 0.9404670270220507,
    "val_spearman": 0.9469565217391305,
    "val_pairwise_order_accuracy": 0.9130434782608695,
    "val_top_k": 5,
    "val_top_k_recall": 0.8,
    "n_train": 72,
    "n_val": 24
  }
}