{
  "n": 12,
  "intercept": 10.778042436095756,
  "linear": [
    -1.6220351768797838,
    -1.6870635846621935,
    -1.690155832174866,
    -1.6852023265161815,
    -1.6986364573456099,
    -1.5514739348279782,
    -1.6414128879377907,
    -1.782804827453262,
    -1.6575059324133679,
    -1.778859389959292,
    -1.8659444481747554,
    -1.6094011440681546
  ],
  "quadratic_upper": [
    [
      0.0,
      0.038667091021227444,
      0.06356119339083885,
      0.09013264225886437,
      0.09603108848857494,
      0.06293546486040384,
      0.08297198181943886,
      0.07280711958332949,
      0.15798963345724812,
      0.07683286219833206,
      0.028961815750547973,
      0.12540569265468296
    ],
    [
      0.038667091021227444,
      0.0,
      0.15176179307576912,
      0.03166302900493907,
      0.07917846397337272,
      0.14261652339025438,
      0.04967460671449883,
      0.0638232777624687,
      0.10113521430746344,
      0.13605551188780002,
      0.14403425558142338,
      -0.023227234435700423
    ],
    [
      0.06356119339083885,
      0.15176179307576912,
      0.0,
      0.11996432186556984,
      0.09877042446238977,
      0.046177941056695676,
      0.030009921949837384,
      0.10767497754455471,
      0.047713450494370806,
      0.11468480074356711,
      0.060766299525641394,
      0.04695998534356195
    ],
    [
      0.09013264225886437,
      0.03166302900493907,
      0.11996432186556984,
      0.0,
      0.0792509305765662,
      0.03790338117568909,
      0.11285528209420072,
      0.08564314392289657,
      0.08172371273188432,
      0.04506316634617117,
      0.11260359280316944,
      0.12172324336050805
    ],
    [
      0.09603108848857494,
      0.07917846397337272,
      0.09877042446238977,
      0.0792509305765662,
      0.0,
      0.0764070491099676,
      0.07486835699223196,
      0.10189727112403746,
      0.07944769287035842,
      0.06313645589392013,
      0.08542449395201072,
      0.10379461967834133
    ],
    [
      0.06293546486040384,
      0.14261652339025438,
      0.046177941056695676,
      0.03790338117568909,
      0.0764070491099676,
      0.0,
      0.055881665803339496,
      0.04671038002595192,
      0.07854983257047825,
      0.07394805225615703,
      0.13054817987097633,
      0.008979835056371819
    ],
    [
      0.08297198181943886,
      0.04967460671449883,
      0.030009921949837384,
      0.11285528209420072,
      0.07486835699223196,
      0.055881665803339496,
      0.0,
      0.06392356637573463,
      0.060714275633906425,
      0.05947944274075283,
      0.05525598032939287,
      0.17110081848402947
    ],
    [
      0.07280711958332949,
      0.0638232777624687,
      0.10767497754455471,
      0.08564314392289657,
      0.10189727112403746,
      0.04671038002595192,
      0.06392356637573463,
      0.0,
      0.03479177778683226,
      0.11127954878593216,
      0.12112494235340639,
      0.07077841626050817
    ],
    [
      0.15798963345724812,
      0.10113521430746344,
      0.047713450494370806,
      0.08172371273188432,
      0.07944769287035842,
      0.07854983257047825,
      0.060714275633906425,
      0.03479177778683226,
      0.0,
      0.06622450700378292,
      0.04971004670333342,
      0.052961250389128814
    ],
    [
      0.07683286219833206,
      0.13605551188780002,
      0.11468480074356711,
      0.04506316634617117,
      0.06313645589392013,
      0.07394805225615703,
      0.05947944274075283,
      0.11127954878593216,
      0.06622450700378292,
      0.0,
      0.0952759381656497,
      0.04269311627033009
    ],
    [
      0.028961815750547973,
      0.14403425558142338,
      0.060766299525641394,
      0.11260359280316944,
      0.08542449395201072,
      0.13054817987097633,
      0.05525598032939287,
      0.12112494235340639,
      0.04971004670333342,
      0.0952759381656497,
      0.0,
      0.06465744356132666
    ],
    [
      0.12540569265468296,
      -0.023227234435700423,
      0.04695998534356195,
      0.12172324336050805,
      0.10379461967834133,
      0.008979835056371819,
      0.17110081848402947,
      0.07077841626050817,
      0.052961250389128814,
      0.04269311627033009,
      0.06465744356132666,
      0.0
    ]
  ],
  "diagnostics": {
    "ridge": 0.0001,
    "train_rmse": 8.008583967346345e-05,
    "val_rmse": 0.1579280747274493,
    "train_r2": 0.9999999978157347,
    "val_r2": 0.9922865325769863,
    "val_spearman": 0.9878260869565217,
    "val_pairwise_order_accuracy": 0.9637681159420289,
    "val_top_k": 5,
    "val_top_k_recall": 1.0,
    "n_train": 72,
    "n_val": 24
  }
}