{
  "n": 12,
  "intercept": 10.193151243542562,
  "linear": [
    -1.428218650586272,
    -1.5304427367831779,
    -1.1747943459316308,
    -1.3987039381636233,
    -1.6718405581618145,
    -1.4113464926299109,
    -1.8869234426498371,
    -1.6672198214175333,
    -1.5948924768241144,
    -1.585957478515611,
    -1.6021782030567333,
    -1.3846351336726972
  ],
  "quadratic_upper": [
    [
      0.0,
      0.01703715186043158,
      0.4532133776459549,
      0.11607545155979875,
      0.25425372910517646,
      -0.13265054925809375,
      0.0878078546236745,
      -0.05238114971545845,
      0.061986393125350966,
      -0.03518937322873643,
      0.030297160672877778,
      -0.1573962261917539
    ],
    [
      0.01703715186043158,
      0.0,
      -0.019516760611193052,
      -0.07696785927838541,
      -0.06605210892695426,
      0.22368391357739265,
      0.17143744125542182,
      0.05294850120330388,
      0.07061930735583732,
      0.12787416611842975,
      0.13758505017910055,
      0.20278041098228503
    ],
    [
      0.4532133776459549,
      -0.019516760611193052,
      0.0,
      0.10430516916542405,
      0.19793019754824887,
      -0.1242985023599473,
      -0.032891193073115436,
      -0.1375889095390297,
      0.09573038197052175,
      -0.006838263236635876,
      0.1023722670908742,
      -0.2366976411451546
    ],
    [
      0.11607545155979875,
      -0.07696785927838541,
      0.10430516916542405,
      0.0,
      -0.09908489259404782,
      0.11183802782440636,
      0.10124295827283397,
      0.14579215887359837,
      0.04025596033493081,
      0.12488832676706824,
      0.12050840122371528,
      0.0698155742744746
    ],
    [
      0.25425372910517646,
      -0.06605210892695426,
      0.19793019754824887,
      -0.09908489259404782,
      0.0,
      0.10995223088866105,
      0.10689936768789866,
      -0.014594066386924884,
      0.03192412207151375,
      0.12250749768590626,
      0.2184479431148005,
      0.053469450199634845
    ],
    [
      -0.13265054925809375,
      0.22368391357739265,
      -0.1242985023599473,
      0.11183802782440636,
      0.10995223088866105,
      0.0,
      -0.011427319607183727,
      0.09399677139630706,
      0.13670054004146714,
      0.05717253641197446,
      0.07492076640176701,
      0.2074461518628858
    ],
    [
      0.0878078546236745,
      0.17143744125542182,
      -0.032891193073115436,
      0.10124295827283397,
      0.10689936768789866,
      -0.011427319607183727,
      0.0,
      0.2019216825942326,
      0.11783579779349362,
      0.22847678984799488,
      0.039273906392927875,
      0.07949945033124937
    ],
    [
      -0.05238114971545845,
      0.05294850120330388,
      -0.1375889095390297,
      0.14579215887359837,
      -0.014594066386924884,
      0.09399677139630706,
      0.2019216825942326,
      0.0,
      0.09207248371862556,
      0.038471473437743826,
      0.1034132470005514,
      0.1753757600081305
    ],
    [
      0.061986393125350966,
      0.07061930735583732,
      0.09573038197052175,
      0.04025596033493081,
      0.03192412207151375,
      0.13670054004146714,
      0.11783579779349362,
      0.09207248371862556,
      0.0,
      0.02762514082048175,
      0.10857837767746052,
      0.08468206887724386
    ],
    [
      -0.03518937322873643,
      0.12787416611842975,
      -0.006838263236635876,
      0.12488832676706824,
      0.12250749768590626,
      0.05717253641197446,
      0.22847678984799488,
      0.038471473437743826,
      0.02762514082048175,
      0.0,
      -0.10952004225679997,
      0.09615005482876221
    ],
    [
      0.030297160672877778,
      0.13758505017910055,
      0.1023722670908742,
      0.12050840122371528,
      0.2184479431148005,
      0.07492076640176701,
      0.039273906392927875,
      0.1034132470005514,
      0.10857837767746052,
      -0.10952004225679997,
      0.0,
      0.0317134889617576
    ],
    [
      -0.1573962261917539,
      0.20278041098228503,
      -0.2366976411451546,
      0.0698155742744746,
      0.053469450199634845,
      0.2074461518628858,
      0.07949945033124937,
      0.1753757600081305,
      0.08468206887724386,
      0.09615005482876221,
      0.0317134889617576,
      0.0
    ]
  ],
  "diagnostics": {
    "ridge": 0.0001,
    "train_rmse": 0.00017261753691905413,
    "val_rmse": 0.45466226461745884,
    "train_r2": 0.999999988986648,
    "val_r2": 0.9674422944717375,
    "val_spearman": 0.9060869565217391,
    "val_pairwise_order_accuracy": 0.8804347826086957,
    "val_top_k": 5,
    "val_top_k_recall": 0.6,
    "n_train": 72,
    "n_val": 24
  }
}