{
  "n": 12,
  "intercept": 10.778065358474027,
  "linear": [
    -1.6191154268542867,
    -1.5997830362644914,
    -1.6092307300640125,
    -1.8486751624245246,
    -1.723985443723508,
    -1.495003986033164,
    -1.798531897813228,
    -1.8171505550853557,
    -1.8334435104693465,
    -1.5604092424265836,
    -1.6741302656662282,
    -1.5862988171823433
  ],
  "quadratic_upper": [
    [
      0.0,
      0.09974206703025908,
      0.07470930537842439,
      0.0754422361435516,
      0.06355286080390382,
      0.08438811699079185,
      0.12393814284111017,
      0.09525278257372438,
      0.08518433628812204,
      0.06519174965285784,
      0.048920528187372386,
      -0.00631893747182751
    ],
    [
      0.09974206703025908,
      0.0,
      0.10358387855766485,
      0.06150450634692779,
      0.14436664847265987,
      0.08300107888594178,
      0.06548662843297175,
      0.010939415567262517,
      0.04856484476357663,
      0.01589914488935375,
      0.10677865104754138,
      0.11582263943208441
    ],
    [
      0.07470930537842439,
      0.10358387855766485,
      0.0,
      0.10184288765038726,
      0.08540173255052286,
      0.09562933787312623,
      0.09301766257780311,
      0.10112719089952087,
      0.12472267828473518,
      0.03432404387648798,
      0.004296390823430437,
      0.0715477485823467
    ],
    [
      0.0754422361435516,
      0.06150450634692779,
      0.10184288765038726,
      0.0,
      0.17352014808336408,
      0.07297504662484185,
      0.06890402864903111,
      0.0030051670771106373,
      0.110105408487154,
      0.10020235538274393,
      0.1366600424846212,
      0.14680322809390453
    ],
    [
      0.06355286080390382,
      0.14436664847265987,
      0.08540173255052286,
      0.17352014808336408,
      0.0,
      0.0319414620454337,
      0.08927331577511875,
      0.05364284499655047,
      0.11739815384086433,
      0.012918658359802658,
      0.07220435564378268,
      0.11896825523212255
    ],
    [
      0.08438811699079185,
      0.08300107888594178,
      0.09562933787312623,
      0.07297504662484185,
      0.0319414620454337,
      0.0,
      0.0184531683261729,
      0.10207434923661728,
      0.010990187677195049,
      0.1713832810292309,
      0.056599968430976574,
      0.00863645000657124
    ],
    [
      0.12393814284111017,
      0.06548662843297175,
      0.09301766257780311,
      0.06890402864903111,
      0.08927331577511875,
      0.0184531683261729,
      0.0,
      0.19354910203932943,
      0.07828780079703344,
      0.053109650986045455,
      0.0969760081668784,
      0.025813863434488996
    ],
    [
      0.09525278257372438,
      0.010939415567262517,
      0.10112719089952087,
      0.0030051670771106373,
      0.05364284499655047,
      0.10207434923661728,
      0.19354910203932943,
      0.0,
      0.10307470553753868,
      0.09733999234434021,
      0.0934504616259617,
      0.03015060504575436
    ],
    [
      0.08518433628812204,
      0.04856484476357663,
      0.12472267828473518,
      0.110105408487154,
      0.11739815384086433,
      0.010990187677195049,
      0.07828780079703344,
      0.10307470553753868,
      0.0,
      0.09430307471231594,
      0.08007283725120944,
      0.10660175828173905
    ],
    [
      0.06519174965285784,
      0.01589914488935375,
      0.03432404387648798,
      0.10020235538274393,
      0.012918658359802658,
      0.1713832810292309,
      0.053109650986045455,
      0.09733999234434021,
      0.09430307471231594,
      0.0,
      -0.012555234115729529,
      0.03542846546517446
    ],
    [
      0.048920528187372386,
      0.10677865104754138,
      0.004296390823430437,
      0.1366600424846212,
      0.07220435564378268,
      0.056599968430976574,
      0.0969760081668784,
      0.0934504616259617,
      0.08007283725120944,
      -0.012555234115729529,
      0.0,
      0.1395625678837201
    ],
    [
      -0.00631893747182751,
      0.11582263943208441,
      0.0715477485823467,
      0.14680322809390453,
      0.11896825523212255,
      0.00863645000657124,
      0.025813863434488996,
      0.03015060504575436,
      0.10660175828173905,
      0.03542846546517446,
      0.1395625678837201,
      0.0
    ]
  ],
  "diagnostics": {
    "ridge": 0.0001,
    "train_rmse": 7.033109076389777e-05,
    "val_rmse": 0.18663723603841317,
    "train_r2": 0.999999998493935,
    "val_r2": 0.9873524496799232,
    "val_spearman": 0.9695652173913043,
    "val_pairwise_order_accuracy": 0.9384057971014492,
    "val_top_k": 5,
    "val_top_k_recall": 0.8,
    "n_train": 72,
    "n_val": 24
  }
}