{
  "n": 12,
  "intercept": 10.778192232315847,
  "linear": [
    -1.6509152566150262,
    -1.4892526651655789,
    -1.7588512677497734,
    -1.7785372500858905,
    -1.6697582772132482,
    -1.5164465259926547,
    -1.660927288168115,
    -1.6341060804860672,
    -1.6564866594248644,
    -1.5575264247966885,
    -1.958449385974169,
    -1.6566129768922784
  ],
  "quadratic_upper": [
    [
      0.0,
      0.040727289636310414,
      0.13014946734182034,
      0.16444746720335274,
      0.031689578521897944,
      0.12618879830666435,
      0.03380572496359522,
      0.014746515324321518,
      0.14650955559684004,
      0.034353767232929135,
      0.13684956331594117,
      0.08111764551877963
    ],
    [
      0.040727289636310414,
      0.0,
      0.11849179766590062,
      0.1593461172949364,
      -0.022749395304732297,
      0.049180007305503676,
      -0.032255387774065836,
      0.0302050429526053,
      0.04028312913840704,
      0.22843127982747852,
      0.07486612891070431,
      -0.052231411616451305
    ],
    [
      0.13014946734182034,
      0.11849179766590062,
      0.0,
      0.10050479373087111,
      0.08066293469933358,
      0.05076356537842604,
      0.0877366002913033,
      0.10405620306161574,
      0.008889118420165862,
      0.041456228893086776,
      0.11662463368969338,
      0.10176566206209522
    ],
    [
      0.16444746720335274,
      0.1593461172949364,
      0.10050479373087111,
      0.0,
      -0.009157027993652348,
      0.1855990512358836,
      0.04343296842642629,
      0.11961179916710202,
      0.015406707953633558,
      0.08960417129224701,
      0.037273832557719495,
      0.042630160303746736
    ],
    [
      0.031689578521897944,
      -0.022749395304732297,
      0.08066293469933358,
      -0.009157027993652348,
      0.0,
      0.07271178498111462,
      0.07540204774711737,
      0.08282867007114281,
      0.15967028310870549,
      0.04587123323844574,
      0.09707696623684031,
      0.2576307797203615
    ],
    [
      0.12618879830666435,
      0.049180007305503676,
      0.05076356537842604,
      0.1855990512358836,
      0.07271178498111462,
      0.0,
      0.08332801115366577,
      -0.03708677725326822,
      0.036258485526055616,
      0.01521063236945578,
      0.09556670958867805,
      0.1498869000399584
    ],
    [
      0.03380572496359522,
      -0.032255387774065836,
      0.0877366002913033,
      0.04343296842642629,
      0.07540204774711737,
      0.08332801115366577,
      0.0,
      0.13412440942029083,
      0.1073013299006377,
      0.0554198987194853,
      0.12429171586943095,
      0.05662814569436534
    ],
    [
      0.014746515324321518,
      0.0302050429526053,
      0.10405620306161574,
      0.11961179916710202,
      0.08282867007114281,
      -0.03708677725326822,
      0.13412440942029083,
      0.0,
      0.05533235109440108,
      0.08599024487380023,
      0.09719259877239438,
      0.026569301935778045
    ],
    [
      0.14650955559684004,
      0.04028312913840704,
      0.008889118420165862,
      0.015406707953633558,
      0.15967028310870549,
      0.036258485526055616,
      0.1073013299006377,
      0.05533235109440108,
      0.0,
      0.026484511512133706,
      0.1271465090870071,
      0.11561189451873984
    ],
    [
      0.034353767232929135,
      0.22843127982747852,
      0.041456228893086776,
      0.08960417129224701,
      0.04587123323844574,
      0.01521063236945578,
      0.0554198987194853,
      0.08599024487380023,
      0.026484511512133706,
      0.0,
      0.074247173219802,
      0.058363802605126976
    ],
    [
      0.13684956331594117,
      0.07486612891070431,
      0.11662463368969338,
      0.037273832557719495,
      0.09707696623684031,
      0.09556670958867805,
      0.12429171586943095,
      0.09719259877239438,
      0.1271465090870071,
      0.074247173219802,
      0.0,
      0.05053751107062756
    ],
    [
      0.08111764551877963,
      -0.052231411616451305,
      0.10176566206209522,
      0.042630160303746736,
      0.2576307797203615,
      0.1498869000399584,
      0.05662814569436534,
      0.026569301935778045,
      0.11561189451873984,
      0.058363802605126976,
      0.05053751107062756,
      0.0
    ]
  ],
  "diagnostics": {
    "ridge": 0.0001,
    "train_rmse": 7.59234543331263e-05,
    "val_rmse": 0.3399492789698903,
    "train_r2": 0.9999999986691667,
    "val_r2": 0.9674756701200786,
    "val_spearman": 0.9765217391304348,
    "val_pairwise_order_accuracy": 0.9420289855072463,
    "val_top_k": 5,
    "val_top_k_recall": 0.8,
    "n_train": 72,
    "n_val": 24
  }
}