{
  "n": 12,
  "intercept": 10.778022983621131,
  "linear": [
    -1.7369323655137088,
    -1.4501459484790284,
    -1.466138239886369,
    -1.6640806269433532,
    -1.8409367629095974,
    -1.6082642092353572,
    -1.7296114326353367,
    -1.8080995754979887,
    -1.660424378895611,
    -1.8211132150528409,
    -1.6116312527295562,
    -1.612692518895465
  ],
  "quadratic_upper": [
    [
      0.0,
      0.0823473144447603,
      0.06338775724133312,
      0.18969349553552584,
      0.06898219821805217,
      0.11365587101876888,
      0.10752779062735603,
      0.05665715402356391,
      0.059059998887978735,
      0.11049543953497624,
      0.021843601412567415,
      0.05550729426220478
    ],
    [
      0.0823473144447603,
      0.0,
      0.11118801691669897,
      0.038916864363799535,
      -0.010210984096398971,
      -0.019952442312651173,
      0.10417207153087478,
      0.1236038343333295,
      0.14131850459884643,
      0.02346893489932874,
      0.02438208852756884,
      0.035071364163091125
    ],
    [
      0.06338775724133312,
      0.11118801691669897,
      0.0,
      0.06798239048812663,
      0.015438267188144877,
      0.08262906177518053,
      0.034909100441681135,
      0.0917812226951894,
      -0.023856678792682474,
      0.1400087688095268,
      0.07013097149894962,
      0.033024875796548864
    ],
    [
      0.18969349553552584,
      0.038916864363799535,
      0.06798239048812663,
      0.0,
      0.13085792242460245,
      0.08976067748870842,
      0.0894073313125844,
      -0.06639610815192516,
      0.1333847128116421,
      0.08318577961196864,
      0.04159624759171214,
      0.05467056848156382
    ],
    [
      0.06898219821805217,
      -0.010210984096398971,
      0.015438267188144877,
      0.13085792242460245,
      0.0,
      0.06888469959285272,
      0.12782153327239368,
      0.13997192199922534,
      0.09807204588728274,
      0.1580074812636872,
      0.08992414854190732,
      0.07473792493428615
    ],
    [
      0.11365587101876888,
      -0.019952442312651173,
      0.08262906177518053,
      0.08976067748870842,
      0.06888469959285272,
      0.0,
      0.1529820750416242,
      0.06446547433802584,
      0.0032536669359087495,
      0.011332589231575213,
      0.039658818763382904,
      0.13296778030591996
    ],
    [
      0.10752779062735603,
      0.10417207153087478,
      0.034909100441681135,
      0.0894073313125844,
      0.12782153327239368,
      0.1529820750416242,
      0.0,
      0.17903402624810352,
      0.1170561716161972,
      0.003711789627111269,
      -0.0523103332578077,
      0.03727411873359237
    ],
    [
      0.05665715402356391,
      0.1236038343333295,
      0.0917812226951894,
      -0.06639610815192516,
      0.13997192199922534,
      0.06446547433802584,
      0.17903402624810352,
      0.0,
      0.03370849264470301,
      0.08555910621147421,
      0.13946160011807526,
      0.10012724059990803
    ],
    [
      0.059059998887978735,
      0.14131850459884643,
      -0.023856678792682474,
      0.1333847128116421,
      0.09807204588728274,
      0.0032536669359087495,
      0.1170561716161972,
      0.03370849264470301,
      0.0,
      0.09939066514000176,
      0.1356048988934311,
      0.035947942510053524
    ],
    [
      0.11049543953497624,
      0.02346893489932874,
      0.1400087688095268,
      0.08318577961196864,
      0.1580074812636872,
      0.011332589231575213,
      0.003711789627111269,
      0.08555910621147421,
      0.09939066514000176,
      0.0,
      0.17716120434393842,
      0.08155100521875265
    ],
    [
      0.021843601412567415,
      0.02438208852756884,
      0.07013097149894962,
      0.04159624759171214,
      0.08992414854190732,
      0.039658818763382904,
      -0.0523103332578077,
      0.13946160011807526,
      0.1356048988934311,
      0.17716120434393842,
      0.0,
      0.05193861214534059
    ],
    [
      0.05550729426220478,
      0.035071364163091125,
      0.033024875796548864,
      0.05467056848156382,
      0.07473792493428615,
      0.13296778030591996,
      0.03727411873359237,
      0.10012724059990803,
      0.035947942510053524,
      0.08155100521875265,
      0.05193861214534059,
      0.0
    ]
  ],
  "diagnostics": {
    "ridge": 0.0001,
    "train_rmse": 0.00013590699496106204,
    "val_rmse": 0.24067181619903388,
    "train_r2": 0.9999999941676793,
    "val_r2": 0.9847838000510889,
    "val_spearman": 0.9756415832970855,
    "val_pairwise_order_accuracy": 0.9490909090909091,
    "val_top_k": 5,
    "val_top_k_recall": 0.8,
    "n_train": 72,
    "n_val": 24
  }
}