{
  "n": 12,
  "intercept": 10.778056982808781,
  "linear": [
    -1.7093964876469878,
    -1.8531127796141287,
    -1.7363695685746534,
    -1.6519851443331206,
    -1.7970738618005602,
    -1.6709075354159053,
    -1.3781823122508476,
    -1.6004638476866269,
    -1.6782735477436217,
    -1.549324950373873,
    -1.6788587783358189,
    -1.8398759677863512
  ],
  "quadratic_upper": [
    [
      0.0,
      0.1548147592146321,
      0.12297565263151135,
      0.015522818204626697,
      0.10440642839185954,
      0.13763464325185645,
      0.03773647927005478,
      0.04623965998986854,
      0.10507871937085443,
      0.0026522097169348552,
      0.11328948721417449,
      0.08289289524819923
    ],
    [
      0.1548147592146321,
      0.0,
      0.1500618451726317,
      0.12309984254981969,
      0.16202451349363262,
      0.07312323475978906,
      0.023608881193177455,
      0.046478360172686826,
      0.07950837623451122,
      0.07322797966222695,
      0.039728063778492334,
      0.07710289148541248
    ],
    [
      0.12297565263151135,
      0.1500618451726317,
      0.0,
      0.08568363328291055,
      0.07928424797352092,
      0.11670561045920398,
      0.054473497424493936,
      0.0504205616188731,
      0.051890590081589874,
      0.05301024311842173,
      0.1170516145779648,
      0.03132850395525184
    ],
    [
      0.015522818204626697,
      0.12309984254981969,
      0.08568363328291055,
      0.0,
      0.11261902106196743,
      0.1479798709895547,
      -0.02959142677432232,
      0.03688088556895648,
      0.0958141039923872,
      0.010602198202644192,
      0.02670364136566451,
      0.13561652401995325
    ],
    [
      0.10440642839185954,
      0.16202451349363262,
      0.07928424797352092,
      0.11261902106196743,
      0.0,
      0.11104479524530783,
      0.024645558641943288,
      0.021984473065141202,
      0.09943561550431132,
      0.0665070204708002,
      0.1128500712186799,
      0.06075805189874941
    ],
    [
      0.13763464325185645,
      0.07312323475978906,
      0.11670561045920398,
      0.1479798709895547,
      0.11104479524530783,
      0.0,
      -0.00783409011135284,
      0.009574818436368947,
      0.04232995204578493,
      0.05244075251036503,
      0.058759511840470326,
      0.07894506610766232
    ],
    [
      0.03773647927005478,
      0.023608881193177455,
      0.054473497424493936,
      -0.02959142677432232,
      0.024645558641943288,
      -0.00783409011135284,
      0.0,
      0.15413079896847093,
      0.06489189108660876,
      0.06828891993523657,
      0.13988416868328207,
      0.12917889195099727
    ],
    [
      0.04623965998986854,
      0.046478360172686826,
      0.0504205616188731,
      0.03688088556895648,
      0.021984473065141202,
      0.009574818436368947,
      0.15413079896847093,
      0.0,
      0.10730343316393856,
      0.149945727216364,
      0.05055147992281757,
      0.13193434064651324
    ],
    [
      0.10507871937085443,
      0.07950837623451122,
      0.051890590081589874,
      0.0958141039923872,
      0.09943561550431132,
      0.04232995204578493,
      0.06489189108660876,
      0.10730343316393856,
      0.0,
      0.07694667783667884,
      0.055462671744477346,
      0.07770881474181189
    ],
    [
      0.0026522097169348552,
      0.07322797966222695,
      0.05301024311842173,
      0.010602198202644192,
      0.0665070204708002,
      0.05244075251036503,
      0.06828891993523657,
      0.149945727216364,
      0.07694667783667884,
      0.0,
      0.13762731280807752,
      0.0990335865495649
    ],
    [
      0.11328948721417449,
      0.039728063778492334,
      0.1170516145779648,
      0.02670364136566451,
      0.1128500712186799,
      0.058759511840470326,
      0.13988416868328207,
      0.05055147992281757,
      0.055462671744477346,
      0.13762731280807752,
      0.0,
      0.036686095416277265
    ],
    [
      0.08289289524819923,
      0.07710289148541248,
      0.03132850395525184,
      0.13561652401995325,
      0.06075805189874941,
      0.07894506610766232,
      0.12917889195099727,
      0.13193434064651324,
      0.07770881474181189,
      0.0990335865495649,
      0.036686095416277265,
      0.0
    ]
  ],
  "diagnostics": {
    "ridge": 0.0001,
    "train_rmse": 7.517363514786553e-05,
    "val_rmse": 0.24857477156182398,
    "train_r2": 0.9999999981926867,
    "val_r2": 0.9782535893065492,
    "val_spearman": 0.9826086956521739,
    "val_pairwise_order_accuracy": 0.9601449275362319,
    "val_top_k": 5,
    "val_top_k_recall": 1.0,
    "n_train": 72,
    "n_val": 24
  }
}