{
  "n": 12,
  "intercept": 10.70254024995184,
  "linear": [
    -1.2170738797588863,
    -1.5917208535817962,
    -1.5953582686572485,
    -1.68476275254053,
    -1.6489057732555124,
    -1.785795479506939,
    -1.7157919357589972,
    -1.7785142451684028,
    -1.672137315325349,
    -1.8119122339236127,
    -1.576705809640581,
    -1.8490125887457949
  ],
  "quadratic_upper": [
    [
      0.0,
      0.0661275356198895,
      0.08245714685932913,
      0.08370050170239457,
      -0.013974682158903153,
      0.09795453669226371,
      0.09052866061680394,
      0.08316882281596855,
      -0.011067613851006491,
      0.07958144880005154,
      0.021621173956049594,
      0.015498711261676134
    ],
    [
      0.0661275356198895,
      0.0,
      0.16840362674655118,
      0.0032308738384472777,
      0.08266413827883551,
      0.044387418482492225,
      0.12390101067651738,
      0.031129236172063222,
      0.07904327287290756,
      0.07252056204193576,
      0.08847200596988575,
      0.09223103601512782
    ],
    [
      0.08245714685932913,
      0.16840362674655118,
      0.0,
      0.09139826977414803,
      0.054394337494349555,
      0.0718578312042276,
      0.002404458366454563,
      0.17242410373433437,
      0.041804706879861306,
      0.11139696918643319,
      -0.12337959727235323,
      0.18577394937266337
    ],
    [
      0.08370050170239457,
      0.0032308738384472777,
      0.09139826977414803,
      0.0,
      0.024114940689283507,
      0.16114907523109162,
      0.05281470049932882,
      0.13287258372913519,
      0.032037688001267654,
      0.14731108990556166,
      0.0008991122430420048,
      0.14408003136106098
    ],
    [
      -0.013974682158903153,
      0.08266413827883551,
      0.054394337494349555,
      0.024114940689283507,
      0.0,
      0.13091452902792694,
      0.15784854019383457,
      0.052133662093540534,
      0.036550427005496836,
      0.1184942940719787,
      0.052578171015844805,
      0.15231535587802272
    ],
    [
      0.09795453669226371,
      0.044387418482492225,
      0.0718578312042276,
      0.16114907523109162,
      0.13091452902792694,
      0.0,
      -0.011370947674543505,
      0.06616578179260793,
      0.15096622813809718,
      0.07586957426098269,
      0.1414595163378871,
      0.022638323240267447
    ],
    [
      0.09052866061680394,
      0.12390101067651738,
      0.002404458366454563,
      0.05281470049932882,
      0.15784854019383457,
      -0.011370947674543505,
      0.0,
      0.010132708473653312,
      0.027736675143950052,
      0.08944937692909748,
      0.18450375541471528,
      0.06194831154796329
    ],
    [
      0.08316882281596855,
      0.031129236172063222,
      0.17242410373433437,
      0.13287258372913519,
      0.052133662093540534,
      0.06616578179260793,
      0.010132708473653312,
      0.0,
      0.08411427876554005,
      0.07402828446359962,
      0.01697867935675004,
      0.19022754874025236
    ],
    [
      -0.011067613851006491,
      0.07904327287290756,
      0.041804706879861306,
      0.032037688001267654,
      0.036550427005496836,
      0.15096622813809718,
      0.027736675143950052,
      0.08411427876554005,
      0.0,
      0.06996789891554957,
      0.16252562144732594,
      0.08528217581160187
    ],
    [
      0.07958144880005154,
      0.07252056204193576,
      0.11139696918643319,
      0.14731108990556166,
      0.1184942940719787,
      0.07586957426098269,
      0.08944937692909748,
      0.07402828446359962,
      0.06996789891554957,
      0.0,
      0.10118337317446137,
      0.01253296371570136
    ],
    [
      0.021621173956049594,
      0.08847200596988575,
      -0.12337959727235323,
      0.0008991122430420048,
      0.052578171015844805,
      0.1414595163378871,
      0.18450375541471528,
      0.01697867935675004,
      0.16252562144732594,
      0.10118337317446137,
      0.0,
      0.004629780258717958
    ],
    [
      0.015498711261676134,
      0.09223103601512782,
      0.18577394937266337,
      0.14408003136106098,
      0.15231535587802272,
      0.022638323240267447,
      0.06194831154796329,
      0.19022754874025236,
      0.08528217581160187,
      0.01253296371570136,
      0.004629780258717958,
      0.0
    ]
  ],
  "diagnostics": {
    "ridge": 0.0001,
    "train_rmse": 0.0001603911961071466,
    "val_rmse": 0.22401161644391682,
    "train_r2": 0.9999999929971429,
    "val_r2": 0.9894987486410798,
    "val_spearman": 0.9869508481948671,
    "val_pairwise_order_accuracy": 0.96,
    "val_top_k": 5,
    "val_top_k_recall": 1.0,
    "n_train": 72,
    "n_val": 24
  }
}