{
  "n": 12,
  "intercept": 9.052801674297232,
  "linear": [
    -1.1350895604096496,
    -1.728761452250266,
    -0.9072411161019207,
    -0.8527322796014408,
    -1.2261808995411612,
    -1.2778811593419757,
    -1.059504192472583,
    -1.3306049534721158,
    -1.0324047439229203,
    -1.4749733305353603,
    -0.7326762510421749,
    -1.4842671546698258
  ],
  "quadratic_upper": [
    [
      0.0,
      0.1606160372491118,
      0.06785218064695317,
      -0.0662972383580452,
      0.060404185616049794,
      0.14243741991573727,
      0.04754907714488785,
      0.1275965916938079,
      -0.11219720912334878,
      0.13563290060036742,
      -0.037491357475525976,
      -0.00496261700402312
    ],
    [
      0.1606160372491118,
      0.0,
      0.047391713019775135,
      0.04494366904422974,
      -0.006403505996405166,
      0.022980332699881485,
      0.34982136091208915,
      0.051822388005377445,
      0.15226832372817914,
      0.056121420452211586,
      -0.08391364657595561,
      0.058179285620256066
    ],
    [
      0.06785218064695317,
      0.047391713019775135,
      0.0,
      0.14974744960717823,
      0.03138620413454011,
      0.15515019754994622,
      0.17333931208929398,
      -0.44806832190333856,
      0.14571009061601764,
      -0.16783895279827682,
      0.07993418663290768,
      0.09750354293799629
    ],
    [
      -0.0662972383580452,
      0.04494366904422974,
      0.14974744960717823,
      0.0,
      0.12013351289963889,
      -0.2424021759626273,
      -0.2069740601183926,
      0.24551429469673686,
      0.2971727342557762,
      0.12287632196001447,
      0.010447380500606921,
      -0.16445366339200365
    ],
    [
      0.060404185616049794,
      -0.006403505996405166,
      0.03138620413454011,
      0.12013351289963889,
      0.0,
      0.0638840728040978,
      0.18997582954710243,
      0.15036018256653225,
      -0.1988859017957448,
      0.09303639995945297,
      -0.16562895930651406,
      0.08421933925692306
    ],
    [
      0.14243741991573727,
      0.022980332699881485,
      0.15515019754994622,
      -0.2424021759626273,
      0.0638840728040978,
      0.0,
      -0.1825410671525275,
      0.15227703789216332,
      0.38657145061602893,
      0.05986193112346634,
      0.23702919903654998,
      0.03788455248502446
    ],
    [
      0.04754907714488785,
      0.34982136091208915,
      0.17333931208929398,
      -0.2069740601183926,
      0.18997582954710243,
      -0.1825410671525275,
      0.0,
      0.14754473984341968,
      -0.07843685279034494,
      0.14225952922272322,
      -0.13934735788420494,
      0.02125119528403649
    ],
    [
      0.1275965916938079,
      0.051822388005377445,
      -0.44806832190333856,
      0.24551429469673686,
      0.15036018256653225,
      0.15227703789216332,
      0.14754473984341968,
      0.0,
      -0.33461410433815253,
      0.1449711086303643,
      -0.1075564131879795,
      0.1184218992340697
    ],
    [
      -0.11219720912334878,
      0.15226832372817914,
      0.14571009061601764,
      0.2971727342557762,
      -0.1988859017957448,
      0.38657145061602893,
      -0.07843685279034494,
      -0.33461410433815253,
      0.0,
      -0.26208683192179333,
      0.07173548952090734,
      0.17660827525578174
    ],
    [
      0.13563290060036742,
      0.056121420452211586,
      -0.16783895279827682,
      0.12287632196001447,
      0.09303639995945297,
      0.05986193112346634,
      0.14225952922272322,
      0.1449711086303643,
      -0.26208683192179333,
      0.0,
      -0.24857033123900993,
      0.31099980797293014
    ],
    [
      -0.037491357475525976,
      -0.08391364657595561,
      0.07993418663290768,
      0.010447380500606921,
      -0.16562895930651406,
      0.23702919903654998,
      -0.13934735788420494,
      -0.1075564131879795,
      0.07173548952090734,
      -0.24857033123900993,
      0.0,
      0.15268901873737245
    ],
    [
      -0.00496261700402312,
      0.058179285620256066,
      0.09750354293799629,
      -0.16445366339200365,
      0.08421933925692306,
      0.03788455248502446,
      0.02125119528403649,
      0.1184218992340697,
      0.17660827525578174,
      0.31099980797293014,
      0.15268901873737245,
      0.0
    ]
  ],
  "diagnostics": {
    "ridge": 0.0001,
    "train_rmse": 0.00012213789178002767,
    "val_rmse": 0.7210626410582073,
    "train_r2": 0.9999999946083423,
    "val_r2": 0.8972384188088471,
    "val_spearman": 0.9356521739130435,
    "val_pairwise_order_accuracy": 0.9021739130434783,
    "val_top_k": 5,
    "val_top_k_recall": 0.8,
    "n_train": 72,
    "n_val": 24
  }
}