{
  "n": 12,
  "intercept": 10.778102551040764,
  "linear": [
    -1.6854638370625736,
    -1.5637517723781513,
    -1.6410142399691174,
    -1.4611630376512916,
    -1.6243224548471367,
    -1.6620496158263427,
    -1.7975711133222623,
    -1.8111408593748695,
    -1.7324330201365266,
    -1.8748479120385098,
    -1.6049227000177944,
    -1.7131722268510614
  ],
  "quadratic_upper": [
    [
      0.0,
      0.09535319526850612,
      0.13651854897692328,
      0.08094998386843301,
      0.10060782482583913,
      0.03029099219623695,
      0.07800103453248446,
      0.13422581797820815,
      0.028553010474687064,
      0.1255630284321904,
      0.06533543398261013,
      0.035746766308166714
    ],
    [
      0.09535319526850612,
      0.0,
      0.06067934934006791,
      -0.0028744984529140796,
      0.16727230133892362,
      0.08894054516842341,
      0.0541665455358884,
      0.1465253435157116,
      0.09774465706995938,
      0.03943677138254562,
      0.04465401900985168,
      0.02357017067318535
    ],
    [
      0.13651854897692328,
      0.06067934934006791,
      0.0,
      0.040409504362836086,
      0.05166673962155565,
      0.015716101398783936,
      -0.007897393180355528,
      0.025366754517448967,
      0.10473080325804979,
      0.07862490562182903,
      0.09613735672892887,
      0.16573922953320502
    ],
    [
      0.08094998386843301,
      -0.0028744984529140796,
      0.040409504362836086,
      0.0,
      0.03737924402058915,
      0.0781267055861566,
      0.13660835379477373,
      0.05847888414609215,
      0.021013858933381306,
      0.11945448393912166,
      0.02460942161177998,
      0.14007746206688912
    ],
    [
      0.10060782482583913,
      0.16727230133892362,
      0.05166673962155565,
      0.03737924402058915,
      0.0,
      0.08960058819379736,
      0.07328290409968356,
      0.06852651214145099,
      0.08067333681930514,
      0.07106302618061908,
      0.1055226820016969,
      0.03763635971140537
    ],
    [
      0.03029099219623695,
      0.08894054516842341,
      0.015716101398783936,
      0.0781267055861566,
      0.08960058819379736,
      0.0,
      0.07174533352252856,
      0.1421418309546574,
      0.06610135127954243,
      0.13202676279307052,
      0.010171169355150878,
      0.15807651856817254
    ],
    [
      0.07800103453248446,
      0.0541665455358884,
      -0.007897393180355528,
      0.13660835379477373,
      0.07328290409968356,
      0.07174533352252856,
      0.0,
      0.1465006324257813,
      0.0802772181552639,
      0.14411258201292163,
      0.09527693564721831,
      0.07711728244589035
    ],
    [
      0.13422581797820815,
      0.1465253435157116,
      0.025366754517448967,
      0.05847888414609215,
      0.06852651214145099,
      0.1421418309546574,
      0.1465006324257813,
      0.0,
      0.08281500870353965,
      0.07348847851662653,
      0.13255385786874357,
      -0.050206651238908925
    ],
    [
      0.028553010474687064,
      0.09774465706995938,
      0.10473080325804979,
      0.021013858933381306,
      0.08067333681930514,
      0.06610135127954243,
      0.0802772181552639,
      0.08281500870353965,
      0.0,
      0.12678329177368527,
      0.08786822983438089,
      0.10248028962115908
    ],
    [
      0.1255630284321904,
      0.03943677138254562,
      0.07862490562182903,
      0.11945448393912166,
      0.07106302618061908,
      0.13202676279307052,
      0.14411258201292163,
      0.07348847851662653,
      0.12678329177368527,
      0.0,
      0.0893892796356661,
      0.0006785174530226153
    ],
    [
      0.06533543398261013,
      0.04465401900985168,
      0.09613735672892887,
      0.02460942161177998,
      0.1055226820016969,
      0.010171169355150878,
      0.09527693564721831,
      0.13255385786874357,
      0.08786822983438089,
      0.0893892796356661,
      0.0,
      0.05939171780450596
    ],
    [
      0.035746766308166714,
      0.02357017067318535,
      0.16573922953320502,
      0.14007746206688912,
      0.03763635971140537,
      0.15807651856817254,
      0.07711728244589035,
      -0.050206651238908925,
      0.10248028962115908,
      0.0006785174530226153,
      0.05939171780450596,
      0.0
    ]
  ],
  "diagnostics": {
    "ridge": 0.0001,
    "train_rmse": 8.094322528913968e-05,
    "val_rmse": 0.2472660444368994,
    "train_r2": 0.9999999979050561,
    "val_r2": 0.9858826470539952,
    "val_spearman": 0.9704219225750325,
    "val_pairwise_order_accuracy": 0.9454545454545454,
    "val_top_k": 5,
    "val_top_k_recall": 0.8,
    "n_train": 72,
    "n_val": 24
  }
}