{
  "n": 12,
  "intercept": 10.77808861135346,
  "linear": [
    -1.6221165859559468,
    -1.7161822944536402,
    -1.5404202050920701,
    -1.6614393052453305,
    -1.6396794289661298,
    -1.7656888004293507,
    -1.6728195892451467,
    -1.7283275412622485,
    -1.830653397486745,
    -1.8495040407743932,
    -1.6762082304554775,
    -1.732287030879785
  ],
  "quadratic_upper": [
    [
      0.0,
      0.052895614922599254,
      0.04491229905724468,
      0.09067459692842646,
      0.08673145876030501,
      0.06530864364544593,
      0.10323766811862725,
      0.10311335434252758,
      0.11945495603141974,
      0.0907440592481534,
      0.08093224178727403,
      0.05774830567797757
    ],
    [
      0.052895614922599254,
      0.0,
      0.060690459003598714,
      0.10378162089557234,
      0.13545216280273017,
      0.08344430200327539,
      0.05824417295664539,
      0.08532566765456726,
      0.06826182581766801,
      0.10494397058100563,
      0.06183863843646998,
      0.10955979050947195
    ],
    [
      0.04491229905724468,
      0.060690459003598714,
      0.0,
      0.09804089287056372,
      0.09215430504051099,
      0.06883396617175253,
      0.0652883412337455,
      0.05743881023664859,
      0.06455412053649076,
      0.12021300318058116,
      0.04802580183951383,
      0.03483879739248749
    ],
    [
      0.09067459692842646,
      0.10378162089557234,
      0.09804089287056372,
      0.0,
      0.05924156068742188,
      0.05047637021232738,
      0.07423199339350704,
      0.11925412943282002,
      0.11075549333575195,
      0.046949586759299985,
      0.0335153095049799,
      0.11204416668455357
    ],
    [
      0.08673145876030501,
      0.13545216280273017,
      0.09215430504051099,
      0.05924156068742188,
      0.0,
      0.08393168344125086,
      0.055955554995050054,
      0.05484416569178274,
      0.07673363077140175,
      0.05657087422539726,
      0.06534334257914495,
      0.11019423259582392
    ],
    [
      0.06530864364544593,
      0.08344430200327539,
      0.06883396617175253,
      0.05047637021232738,
      0.08393168344125086,
      0.0,
      0.0776943068346388,
      0.07843212812342328,
      0.12722392401184657,
      0.09680445595965141,
      0.0807947887974134,
      0.1367077107394616
    ],
    [
      0.10323766811862725,
      0.05824417295664539,
      0.0652883412337455,
      0.07423199339350704,
      0.055955554995050054,
      0.0776943068346388,
      0.0,
      0.051483896058539556,
      0.1192076963305441,
      0.07689968635266899,
      0.09356130125736839,
      0.04905073057435094
    ],
    [
      0.10311335434252758,
      0.08532566765456726,
      0.05743881023664859,
      0.11925412943282002,
      0.05484416569178274,
      0.07843212812342328,
      0.051483896058539556,
      0.0,
      0.07039098446176727,
      0.05495433070326268,
      0.11794072528717205,
      0.05869824814805331
    ],
    [
      0.11945495603141974,
      0.06826182581766801,
      0.06455412053649076,
      0.11075549333575195,
      0.07673363077140175,
      0.12722392401184657,
      0.1192076963305441,
      0.07039098446176727,
      0.0,
      0.08041542231147196,
      0.0550266125901704,
      0.0592919093460668
    ],
    [
      0.0907440592481534,
      0.10494397058100563,
      0.12021300318058116,
      0.046949586759299985,
      0.05657087422539726,
      0.09680445595965141,
      0.07689968635266899,
      0.05495433070326268,
      0.08041542231147196,
      0.0,
      0.10430023394427622,
      0.11005044899908216
    ],
    [
      0.08093224178727403,
      0.06183863843646998,
      0.04802580183951383,
      0.0335153095049799,
      0.06534334257914495,
      0.0807947887974134,
      0.09356130125736839,
      0.11794072528717205,
      0.0550266125901704,
      0.10430023394427622,
      0.0,
      0.07862231680394188
    ],
    [
      0.05774830567797757,
      0.10955979050947195,
      0.03483879739248749,
      0.11204416668455357,
      0.11019423259582392,
      0.1367077107394616,
      0.04905073057435094,
      0.05869824814805331,
      0.0592919093460668,
      0.11005044899908216,
      0.07862231680394188,
      0.0
    ]
  ],
  "diagnostics": {
    "ridge": 0.0001,
    "train_rmse": 9.184610792100181e-05,
    "val_rmse": 0.10573027630361616,
    "train_r2": 0.9999999975515744,
    "val_r2": 0.9970438052879185,
    "val_spearman": 0.9956521739130435,
    "val_pairwise_order_accuracy": 0.9818840579710145,
    "val_top_k": 5,
    "val_top_k_recall": 1.0,
    "n_train": 72,
    "n_val": 24
  }
}