{
  "n": 12,
  "intercept": 10.77829383802419,
  "linear": [
    -1.4475504329447944,
    -1.7051290111872661,
    -1.5102223867792102,
    -1.7890109806295282,
    -1.63602972312205,
    -1.7067283547098746,
    -1.7411986520943057,
    -1.6601457203458925,
    -1.6308425008864906,
    -1.853330768684491,
    -1.8126533172030246,
    -1.706094404305449
  ],
  "quadratic_upper": [
    [
      0.0,
      0.034001434589487824,
      0.0034539509124538997,
      0.08070508718049077,
      0.10377703288741803,
      0.10928362308714226,
      0.07165205456620746,
      0.058557738290208196,
      0.09027787910889933,
      0.046773732903001464,
      0.05396872057029703,
      0.09377852567541349
    ],
    [
      0.034001434589487824,
      0.0,
      0.1576832100450234,
      0.05159234079370182,
      0.0951842594329871,
      0.11557097154452983,
      0.0888181066253263,
      0.05265357098112004,
      0.04426364050729963,
      0.15813826116255758,
      0.06733755014581344,
      0.051430862454259034
    ],
    [
      0.0034539509124538997,
      0.1576832100450234,
      0.0,
      0.11728328502279879,
      0.1098526655303834,
      0.04664720840454293,
      0.16713913123359764,
      -0.01487887152100739,
      0.05439912249376561,
      0.07239961033465576,
      0.02171119274202659,
      -0.026488606410446622
    ],
    [
      0.08070508718049077,
      0.05159234079370182,
      0.11728328502279879,
      0.0,
      0.08953519101387827,
      0.09769472416580996,
      0.11241990562602777,
      0.10252374497739596,
      0.030174984222222888,
      0.11535424019448841,
      0.020799850242862013,
      0.13198795218180617
    ],
    [
      0.10377703288741803,
      0.0951842594329871,
      0.1098526655303834,
      0.08953519101387827,
      0.0,
      0.08125243804227028,
      0.0778615941882215,
      0.06283103409600241,
      0.1045344275989684,
      0.02275694207390713,
      0.10177268955573408,
      0.0399743894535948
    ],
    [
      0.10928362308714226,
      0.11557097154452983,
      0.04664720840454293,
      0.09769472416580996,
      0.08125243804227028,
      0.0,
      0.027572247946685648,
      0.11871768718720994,
      0.08016407192949238,
      0.12459811334530888,
      0.05900299999688182,
      0.11939371001128184
    ],
    [
      0.07165205456620746,
      0.0888181066253263,
      0.16713913123359764,
      0.11241990562602777,
      0.0778615941882215,
      0.027572247946685648,
      0.0,
      0.05433674984728292,
      0.05893785672421856,
      0.0914231312325776,
      0.08104443359302763,
      0.06139257668283539
    ],
    [
      0.058557738290208196,
      0.05265357098112004,
      -0.01487887152100739,
      0.10252374497739596,
      0.06283103409600241,
      0.11871768718720994,
      0.05433674984728292,
      0.0,
      0.061419960009569355,
      0.035864216648547685,
      0.11165013063985534,
      0.14019324184540916
    ],
    [
      0.09027787910889933,
      0.04426364050729963,
      0.05439912249376561,
      0.030174984222222888,
      0.1045344275989684,
      0.08016407192949238,
      0.05893785672421856,
      0.061419960009569355,
      0.0,
      0.07541586027148542,
      0.18395498090101603,
      0.017427305561787444
    ],
    [
      0.046773732903001464,
      0.15813826116255758,
      0.07239961033465576,
      0.11535424019448841,
      0.02275694207390713,
      0.12459811334530888,
      0.0914231312325776,
      0.035864216648547685,
      0.07541586027148542,
      0.0,
      0.12789276369867775,
      0.07422586998401547
    ],
    [
      0.05396872057029703,
      0.06733755014581344,
      0.02171119274202659,
      0.020799850242862013,
      0.10177268955573408,
      0.05900299999688182,
      0.08104443359302763,
      0.11165013063985534,
      0.18395498090101603,
      0.12789276369867775,
      0.0,
      0.11299271992667358
    ],
    [
      0.09377852567541349,
      0.051430862454259034,
      -0.026488606410446622,
      0.13198795218180617,
      0.0399743894535948,
      0.11939371001128184,
      0.06139257668283539,
      0.14019324184540916,
      0.017427305561787444,
      0.07422586998401547,
      0.11299271992667358,
      0.0
    ]
  ],
  "diagnostics": {
    "ridge": 0.0001,
    "train_rmse": 8.351485781054716e-05,
    "val_rmse": 0.18784380989558944,
    "train_r2": 0.9999999985669187,
    "val_r2": 0.9940607302122502,
    "val_spearman": 0.971304347826087,
    "val_pairwise_order_accuracy": 0.9384057971014492,
    "val_top_k": 5,
    "val_top_k_recall": 0.8,
    "n_train": 72,
    "n_val": 24
  }
}