{
  "n": 12,
  "intercept": 10.521678843345304,
  "linear": [
    -1.807646669917479,
    -1.528891773627528,
    -1.4598749646200126,
    -1.893704329397903,
    -1.438641211186152,
    -1.6724881446919304,
    -1.5582706773225228,
    -1.8356047165571585,
    -1.3334243768940872,
    -1.8234556352888327,
    -1.7392120669402595,
    -1.568599613747591
  ],
  "quadratic_upper": [
    [
      0.0,
      0.10368185906759421,
      0.1262414890904716,
      0.036397826483591404,
      0.1732142108149479,
      0.19539100295196157,
      0.0030361474331782544,
      0.12429703842214508,
      0.11740037771135044,
      0.05164593845442997,
      0.14831288055606945,
      -0.0008809386087690078
    ],
    [
      0.10368185906759421,
      0.0,
      -0.0028541022259794485,
      -0.003681395900075682,
      0.017731914902214818,
      0.07759431014287647,
      0.06767626060260327,
      0.14525271193556177,
      0.0320001224172257,
      0.06918632845979794,
      0.09142046363724059,
      0.18903819680126915
    ],
    [
      0.1262414890904716,
      -0.0028541022259794485,
      0.0,
      0.009451126298577566,
      -0.013610991573607348,
      -0.005919925501781202,
      0.11650802555010932,
      0.10175064600358168,
      0.05841403032421213,
      0.1163995047861448,
      0.06878351669796028,
      0.1613106644393483
    ],
    [
      0.036397826483591404,
      -0.003681395900075682,
      0.009451126298577566,
      0.0,
      0.1332210422555159,
      0.16809652736648245,
      0.1312009562558941,
      0.13145709732703634,
      0.052469726943401386,
      0.23322069199471782,
      0.18545066613985312,
      0.007523016113377954
    ],
    [
      0.1732142108149479,
      0.017731914902214818,
      -0.013610991573607348,
      0.1332210422555159,
      0.0,
      0.0021678857412539276,
      0.04451182817003933,
      -0.002887376174030917,
      0.1649794180767638,
      0.18711035619956734,
      -0.05790330871457749,
      -0.007010339205182071
    ],
    [
      0.19539100295196157,
      0.07759431014287647,
      -0.005919925501781202,
      0.16809652736648245,
      0.0021678857412539276,
      0.0,
      0.059522419426858104,
      0.10850840549711538,
      0.055535966599857496,
      0.05898404244526402,
      0.11418806721188095,
      0.023570432892273476
    ],
    [
      0.0030361474331782544,
      0.06767626060260327,
      0.11650802555010932,
      0.1312009562558941,
      0.04451182817003933,
      0.059522419426858104,
      0.0,
      0.04530399828675164,
      -0.028562681929843035,
      0.1334821275880002,
      0.11680313028518602,
      0.10504143733767564
    ],
    [
      0.12429703842214508,
      0.14525271193556177,
      0.10175064600358168,
      0.13145709732703634,
      -0.002887376174030917,
      0.10850840549711538,
      0.04530399828675164,
      0.0,
      -0.017000718303279864,
      0.06088001782271358,
      0.15121278369386826,
      0.15865764584181044
    ],
    [
      0.11740037771135044,
      0.0320001224172257,
      0.05841403032421213,
      0.052469726943401386,
      0.1649794180767638,
      0.055535966599857496,
      -0.028562681929843035,
      -0.017000718303279864,
      0.0,
      0.02214391465854097,
      0.00385024901069841,
      0.11324135460820024
    ],
    [
      0.05164593845442997,
      0.06918632845979794,
      0.1163995047861448,
      0.23322069199471782,
      0.18711035619956734,
      0.05898404244526402,
      0.1334821275880002,
      0.06088001782271358,
      0.02214391465854097,
      0.0,
      -0.005036749440102551,
      -0.050033917841761776
    ],
    [
      0.14831288055606945,
      0.09142046363724059,
      0.06878351669796028,
      0.18545066613985312,
      -0.05790330871457749,
      0.11418806721188095,
      0.11680313028518602,
      0.15121278369386826,
      0.00385024901069841,
      -0.005036749440102551,
      0.0,
      0.06551042618648606
    ],
    [
      -0.0008809386087690078,
      0.18903819680126915,
      0.1613106644393483,
      0.007523016113377954,
      -0.007010339205182071,
      0.023570432892273476,
      0.10504143733767564,
      0.15865764584181044,
      0.11324135460820024,
      -0.050033917841761776,
      0.06551042618648606,
      0.0
    ]
  ],
  "diagnostics": {
    "ridge": 0.0001,
    "train_rmse": 0.0001352266826938135,
    "val_rmse": 0.3290798381662782,
    "train_r2": 0.9999999932909525,
    "val_r2": 0.9832929618379775,
    "val_spearman": 0.9643323183993039,
    "val_pairwise_order_accuracy": 0.9345454545454546,
    "val_top_k": 5,
    "val_top_k_recall": 0.6,
    "n_train": 72,
    "n_val": 24
  }
}