{
  "n": 12,
  "intercept": 10.192326434348026,
  "linear": [
    -1.513927443626941,
    -1.6515835791531202,
    -1.2497013925763611,
    -1.848955511382743,
    -1.683083177699647,
    -1.5113524612270892,
    -1.387962606010594,
    -1.888389066175971,
    -1.5486891334175041,
    -1.7534316689745253,
    -0.9458908862156868,
    -1.7603523306405127
  ],
  "quadratic_upper": [
    [
      0.0,
      0.057777983169987786,
      0.031557278009394174,
      0.07535975424973362,
      0.012006877526227885,
      0.1369976045389301,
      -0.017931527458463162,
      0.06816068617414406,
      0.10729383824479871,
      0.18617341284704342,
      0.032426053478331884,
      0.16177553249538246
    ],
    [
      0.057777983169987786,
      0.0,
      0.1547462710696365,
      0.12589070323448615,
      -0.12197504978682958,
      0.2722182787336269,
      0.04733876146268917,
      0.019217331695161714,
      0.02577790826858777,
      0.05759442900411441,
      0.21727038990555103,
      0.05425904349251813
    ],
    [
      0.031557278009394174,
      0.1547462710696365,
      0.0,
      0.12544348203621447,
      0.09421007302277923,
      -0.07218091029721238,
      -0.08489462847163119,
      0.1747843276090085,
      0.14782461979211386,
      0.04245835084252838,
      0.08113217217329267,
      -0.008829152614687866
    ],
    [
      0.07535975424973362,
      0.12589070323448615,
      0.12544348203621447,
      0.0,
      0.054377479668194145,
      0.14210181464332705,
      0.14092410587871015,
      0.09145979574485787,
      0.022324224093093946,
      0.056052443275215386,
      0.06921971585692578,
      0.08082878040662991
    ],
    [
      0.012006877526227885,
      -0.12197504978682958,
      0.09421007302277923,
      0.054377479668194145,
      0.0,
      0.08477579354446631,
      0.11062964486948118,
      0.17159008802481257,
      0.2791362491866912,
      -0.04538174643888552,
      0.2093598954307294,
      0.07221257132647607
    ],
    [
      0.1369976045389301,
      0.2722182787336269,
      -0.07218091029721238,
      0.14210181464332705,
      0.08477579354446631,
      0.0,
      0.04254896883325446,
      0.037213340127056224,
      -0.11169789580570796,
      0.14128070848346072,
      -0.07023569116814044,
      0.08968557559598454
    ],
    [
      -0.017931527458463162,
      0.04733876146268917,
      -0.08489462847163119,
      0.14092410587871015,
      0.11062964486948118,
      0.04254896883325446,
      0.0,
      0.12423962488255327,
      0.050197367429315555,
      0.07832150145046046,
      -0.020820883060181945,
      0.07145949198092283
    ],
    [
      0.06816068617414406,
      0.019217331695161714,
      0.1747843276090085,
      0.09145979574485787,
      0.17159008802481257,
      0.037213340127056224,
      0.12423962488255327,
      0.0,
      0.04138338131774766,
      0.12936389857608,
      0.01949459094498406,
      0.17514837536720257
    ],
    [
      0.10729383824479871,
      0.02577790826858777,
      0.14782461979211386,
      0.022324224093093946,
      0.2791362491866912,
      -0.11169789580570796,
      0.050197367429315555,
      0.04138338131774766,
      0.0,
      0.15651070745659887,
      -0.012972730140075661,
      0.16251028661660785
    ],
    [
      0.18617341284704342,
      0.05759442900411441,
      0.04245835084252838,
      0.056052443275215386,
      -0.04538174643888552,
      0.14128070848346072,
      0.07832150145046046,
      0.12936389857608,
      0.15651070745659887,
      0.0,
      -0.1381850516208268,
      0.18489937927843886
    ],
    [
      0.032426053478331884,
      0.21727038990555103,
      0.08113217217329267,
      0.06921971585692578,
      0.2093598954307294,
      -0.07023569116814044,
      -0.020820883060181945,
      0.01949459094498406,
      -0.012972730140075661,
      -0.1381850516208268,
      0.0,
      -0.14266233109715037
    ],
    [
      0.16177553249538246,
      0.05425904349251813,
      -0.008829152614687866,
      0.08082878040662991,
      0.07221257132647607,
      0.08968557559598454,
      0.07145949198092283,
      0.17514837536720257,
      0.16251028661660785,
      0.18489937927843886,
      -0.14266233109715037,
      0.0
    ]
  ],
  "diagnostics": {
    "ridge": 0.0001,
    "train_rmse": 0.00014486384086970135,
    "val_rmse": 0.4434554871369572,
    "train_r2": 0.9999999921668768,
    "val_r2": 0.9677333681807061,
    "val_spearman": 0.9652173913043478,
    "val_pairwise_order_accuracy": 0.9347826086956522,
    "val_top_k": 5,
    "val_top_k_recall": 0.6,
    "n_train": 72,
    "n_val": 24
  }
}