{
  "n": 12,
  "intercept": 10.778102740176456,
  "linear": [
    -1.6731700323359984,
    -1.8256447565706384,
    -1.773047584683704,
    -1.4522270769816656,
    -1.6642564948475886,
    -1.552390670480378,
    -1.5969193683138978,
    -1.5861477710726715,
    -1.8927765689092169,
    -1.8583193782830312,
    -1.5486625866087997,
    -1.6780059463526635
  ],
  "quadratic_upper": [
    [
      0.0,
      0.05364983045316769,
      0.13413930568405072,
      0.08845648342613999,
      0.08646600170318497,
      0.0748412513227749,
      0.061201547079742805,
      0.05144174905554859,
      0.1405407738822409,
      0.06619910986822597,
      0.08862757069660748,
      0.05109624944875103
    ],
    [
      0.05364983045316769,
      0.0,
      0.11004889575619888,
      0.09731854359181974,
      0.09394039442993865,
      -0.014534451720259309,
      0.10295317733670775,
      0.10515299176160495,
      0.1965263644114093,
      0.08738900315991656,
      0.2339430297669326,
      0.058157770620032904
    ],
    [
      0.13413930568405072,
      0.11004889575619888,
      0.0,
      0.010034576579599429,
      0.02068103687538838,
      0.07057608495130072,
      0.08114652197152461,
      0.13373660561871054,
      0.1549068869460058,
      0.10048625050803482,
      0.07821209406530653,
      0.11323776004362829
    ],
    [
      0.08845648342613999,
      0.09731854359181974,
      0.010034576579599429,
      0.0,
      0.08137895742725101,
      0.10707575800766445,
      0.17595679449107873,
      -0.025923437425832016,
      0.0578146158284623,
      0.03289144016266664,
      0.011636354755702063,
      0.027019352029447354
    ],
    [
      0.08646600170318497,
      0.09394039442993865,
      0.02068103687538838,
      0.08137895742725101,
      0.0,
      0.13282179923818946,
      0.04662943829756947,
      0.04234995463711061,
      0.09278443688738855,
      0.11914784647752337,
      0.08237032846439321,
      0.050183366598909825
    ],
    [
      0.0748412513227749,
      -0.014534451720259309,
      0.07057608495130072,
      0.10707575800766445,
      0.13282179923818946,
      0.0,
      -0.018554356557015598,
      0.05595966566887907,
      -0.010823837921063444,
      0.09123396244016176,
      0.04176467704396705,
      0.1490418729231832
    ],
    [
      0.061201547079742805,
      0.10295317733670775,
      0.08114652197152461,
      0.17595679449107873,
      0.04662943829756947,
      -0.018554356557015598,
      0.0,
      0.0593182646280584,
      0.0776906218909989,
      0.0764157774256724,
      0.033804103387061316,
      0.05657928192063689
    ],
    [
      0.05144174905554859,
      0.10515299176160495,
      0.13373660561871054,
      -0.025923437425832016,
      0.04234995463711061,
      0.05595966566887907,
      0.0593182646280584,
      0.0,
      0.06563187908593368,
      0.08218841546149273,
      0.0511289243491653,
      0.08434601739312333
    ],
    [
      0.1405407738822409,
      0.1965263644114093,
      0.1549068869460058,
      0.0578146158284623,
      0.09278443688738855,
      -0.010823837921063444,
      0.0776906218909989,
      0.06563187908593368,
      0.0,
      0.06509479293516014,
      0.08059913964667319,
      0.09330669067106186
    ],
    [
      0.06619910986822597,
      0.08738900315991656,
      0.10048625050803482,
      0.03289144016266664,
      0.11914784647752337,
      0.09123396244016176,
      0.0764157774256724,
      0.08218841546149273,
      0.06509479293516014,
      0.0,
      0.06080571648058505,
      0.14682091830398072
    ],
    [
      0.08862757069660748,
      0.2339430297669326,
      0.07821209406530653,
      0.011636354755702063,
      0.08237032846439321,
      0.04176467704396705,
      0.033804103387061316,
      0.0511289243491653,
      0.08059913964667319,
      0.06080571648058505,
      0.0,
      0.03041238276771052
    ],
    [
      0.05109624944875103,
      0.058157770620032904,
      0.11323776004362829,
      0.027019352029447354,
      0.050183366598909825,
      0.1490418729231832,
      0.05657928192063689,
      0.08434601739312333,
      0.09330669067106186,
      0.14682091830398072,
      0.03041238276771052,
      0.0
    ]
  ],
  "diagnostics": {
    "ridge": 0.0001,
    "train_rmse": 7.339310683110174e-05,
    "val_rmse": 0.257585208635206,
    "train_r2": 0.9999999984211665,
    "val_r2": 0.9601013963598934,
    "val_spearman": 0.948695652173913,
    "val_pairwise_order_accuracy": 0.927536231884058,
    "val_top_k": 5,
    "val_top_k_recall": 1.0,
    "n_train": 72,
    "n_val": 24
  }
}