{
  "n": 12,
  "intercept": 10.778075561263782,
  "linear": [
    -1.8727317876572156,
    -1.7155485991228447,
    -1.640038330784746,
    -1.6298692656616118,
    -1.5985913392798219,
    -1.6598302786722332,
    -1.4111823700687116,
    -1.635008304988563,
    -1.8003554841158838,
    -1.7746293550985484,
    -1.9728262368200584,
    -1.4934720973957258
  ],
  "quadratic_upper": [
    [
      0.0,
      0.07168275429563312,
      0.05987677863413973,
      0.08163949076587548,
      0.09946213503254576,
      0.10415072887458561,
      0.012905136662097456,
      0.15330038627413586,
      0.14087105304995312,
      0.1112917893557843,
      0.12046981458617431,
      0.0581845533662505
    ],
    [
      0.07168275429563312,
      0.0,
      0.02753896907571092,
      0.053921787050430485,
      0.15443208137566197,
      0.09518161059613506,
      0.058016995967174696,
      0.045078290393208625,
      0.14293729740462566,
      0.0919545991783163,
      0.08812848557336196,
      0.047794165565028524
    ],
    [
      0.05987677863413973,
      0.02753896907571092,
      0.0,
      0.15861442398446549,
      0.040716225276073076,
      0.11092231091042815,
      0.09784466612721474,
      0.056139644322882695,
      0.073559991922641,
      0.0817226000193391,
      0.11579726995185366,
      0.029407081438272083
    ],
    [
      0.08163949076587548,
      0.053921787050430485,
      0.15861442398446549,
      0.0,
      0.03304337435393004,
      0.07784665054855278,
      0.04655183403256842,
      0.08434246280723685,
      0.04771034032554143,
      0.0724009521478913,
      0.06476658462955537,
      0.14286063227779622
    ],
    [
      0.09946213503254576,
      0.15443208137566197,
      0.040716225276073076,
      0.03304337435393004,
      0.0,
      0.05916968516051774,
      0.02145719930081871,
      0.07063046229359522,
      0.05394274490428084,
      0.08052937521530186,
      0.07947556410022573,
      0.1280365896318866
    ],
    [
      0.10415072887458561,
      0.09518161059613506,
      0.11092231091042815,
      0.07784665054855278,
      0.05916968516051774,
      0.0,
      0.08043574843026784,
      0.03845569427441285,
      0.08931746804319818,
      0.08777125090846317,
      0.11469504667314653,
      0.013565716448506486
    ],
    [
      0.012905136662097456,
      0.058016995967174696,
      0.09784466612721474,
      0.04655183403256842,
      0.02145719930081871,
      0.08043574843026784,
      0.0,
      0.03332037645682936,
      0.04331233388803564,
      0.07683117031907058,
      0.04055489484173075,
      0.09870594928374267
    ],
    [
      0.15330038627413586,
      0.045078290393208625,
      0.056139644322882695,
      0.08434246280723685,
      0.07063046229359522,
      0.03845569427441285,
      0.03332037645682936,
      0.0,
      0.06551144264456309,
      0.08934027809613254,
      0.1416837867623717,
      0.06286631763080144
    ],
    [
      0.14087105304995312,
      0.14293729740462566,
      0.073559991922641,
      0.04771034032554143,
      0.05394274490428084,
      0.08931746804319818,
      0.04331233388803564,
      0.06551144264456309,
      0.0,
      0.0885381957786391,
      0.1461839098285113,
      0.018081013917876004
    ],
    [
      0.1112917893557843,
      0.0919545991783163,
      0.0817226000193391,
      0.0724009521478913,
      0.08052937521530186,
      0.08777125090846317,
      0.07683117031907058,
      0.08934027809613254,
      0.0885381957786391,
      0.0,
      0.07877897528561913,
      0.04641201852630241
    ],
    [
      0.12046981458617431,
      0.08812848557336196,
      0.11579726995185366,
      0.06476658462955537,
      0.07947556410022573,
      0.11469504667314653,
      0.04055489484173075,
      0.1416837867623717,
      0.1461839098285113,
      0.07877897528561913,
      0.0,
      0.08809986267992188
    ],
    [
      0.0581845533662505,
      0.047794165565028524,
      0.029407081438272083,
      0.14286063227779622,
      0.1280365896318866,
      0.013565716448506486,
      0.09870594928374267,
      0.06286631763080144,
      0.018081013917876004,
      0.04641201852630241,
      0.08809986267992188,
      0.0
    ]
  ],
  "diagnostics": {
    "ridge": 0.0001,
    "train_rmse": 9.523295660129855e-05,
    "val_rmse": 0.17681605669991957,
    "train_r2": 0.9999999970002023,
    "val_r2": 0.9916155098729947,
    "val_spearman": 0.9791304347826087,
    "val_pairwise_order_accuracy": 0.9528985507246377,
    "val_top_k": 5,
    "val_top_k_recall": 1.0,
    "n_train": 72,
    "n_val": 24
  }
}