{
  "accepted_candidate": "optimizer",
  "accepted_nominal_weight_variant_index": null,
  "accepted_nominal_weight_variant_label": null,
  "accepted_nominal_weights": null,
  "amax": 1.0,
  "branch_controls": [
    [
      0.027245883457801028,
      -0.9894514699093134,
      0.12999229063264206
    ],
    [
      0.234675184351432,
      -0.8040301570060422,
      0.25024315740051783
    ],
    [
      0.6099342331354219,
      0.7785658412931884,
      -0.10277990675133093
    ],
    [
      0.24081332357731938,
      -0.423380913687096,
      -0.38993697713541803
    ],
    [
      0.771724288460559,
      -0.04502129211910529,
      -0.21678461038244792
    ],
    [
      0.0,
      0.0,
      -0.0
    ],
    [
      0.0,
      0.0,
      -0.0
    ],
    [
      0.5194622080509963,
      0.015612016410716568,
      -0.2766559451919603
    ],
    [
      0.2128790660237704,
      -0.31867289623835954,
      -0.28198140723314324
    ],
    [
      0.17143088971428463,
      0.5026099598997641,
      0.12207285253472581
    ],
    [
      0.1136639681609551,
      0.4625969440187446,
      -0.0140647444623385
    ],
    [
      0.06403306673103283,
      0.3723399330859026,
      -0.07381291736804861
    ],
    [
      -0.10872967795575605,
      -0.02853710937290986,
      -0.28679151104542255
    ],
    [
      -0.3813031986856039,
      -0.0556649068817983,
      -0.357862236585025
    ]
  ],
  "branch_fuel": 2.1710024051941583,
  "branch_order": 19,
  "branch_weights": {
    "continuity": 0.0,
    "control": 0.0,
    "smooth": 0.0,
    "terminal": 4.0
  },
  "configured_threshold": 0.17,
  "control_bound_violation": 0.0,
  "control_max_norm": 0.9983258711938794,
  "control_norms": [
    0.9983258711938794,
    0.8741616402881791,
    0.9943582087009076,
    0.6239337312763131,
    0.8028579335366248,
    0.0,
    0.0,
    0.5887471721033418,
    0.47579767293806813,
    0.5448918269387407,
    0.476564001274086,
    0.38494883578961203,
    0.30803551789921985,
    0.5258860062405813
  ],
  "cost": 6.82132050734243e-10,
  "initial_bicircular_terminal_error": 0.8637975514598712,
  "mask_index": 19,
  "message": "`xtol` termination condition is satisfied.",
  "nfev": 25,
  "nominal_weight_portfolio_candidates": null,
  "optimality": 0.0008529711687160012,
  "optimizer_ran": true,
  "optimizer_success": true,
  "outage_mask": [
    1,
    1,
    1,
    1,
    1,
    0,
    0,
    1,
    1,
    1,
    1,
    1,
    1,
    1
  ],
  "passes_configured_threshold": true,
  "passes_strict_threshold": true,
  "phase_degrees": 0.0,
  "phase_radians": 0.0,
  "recovery_control_norms": [
    0.5887471721033418,
    0.47579767293806813,
    0.5448918269387407,
    0.476564001274086,
    0.38494883578961203,
    0.30803551789921985,
    0.5258860062405813
  ],
  "recovery_controls": [
    [
      0.5194622080509963,
      0.015612016410716568,
      -0.2766559451919603
    ],
    [
      0.2128790660237704,
      -0.31867289623835954,
      -0.28198140723314324
    ],
    [
      0.17143088971428463,
      0.5026099598997641,
      0.12207285253472581
    ],
    [
      0.1136639681609551,
      0.4625969440187446,
      -0.0140647444623385
    ],
    [
      0.06403306673103283,
      0.3723399330859026,
      -0.07381291736804861
    ],
    [
      -0.10872967795575605,
      -0.02853710937290986,
      -0.28679151104542255
    ],
    [
      -0.3813031986856039,
      -0.0556649068817983,
      -0.357862236585025
    ]
  ],
  "recovery_segments": 7,
  "recovery_start": 7,
  "retuned_bicircular_terminal_error": 9.233986481567989e-06,
  "retuning_semantics": "Controls were retuned under the simple bicircular solar-tidal dynamics against the original fixed target; this sidecar is not high-fidelity validation or fuel-optimality evidence.",
  "runtime_seconds": 17.875619300000835,
  "schema_version": 1,
  "segments": 14,
  "settings_fingerprint": "42c89f2d586ab8759e96e7da10b8e44d53ba93b5dc2846f5e9783b26a5bf2723",
  "sidecar_type": "bicircular_tail_coast_branch_controls",
  "solar_tidal_parameters": {
    "distance_semantics": "constant circular Sun distance in Earth-Moon distance units",
    "model_scope": "simple bicircular solar third-body tidal stress model; not SPICE ephemeris validation",
    "mu_semantics": "GM_sun/(GM_earth+GM_moon) nondimensional mass ratio",
    "rate_semantics": "Sun inertial mean-motion ratio to Earth-Moon mean motion; rotating-frame phase rate is n_sun - 1",
    "rotating_frame_phase_rate": -0.9252,
    "sun_distance_lu": 389.17,
    "sun_inertial_angular_rate_ratio": 0.0748,
    "sun_mu_ratio": 328900.56
  },
  "source_cr3bp_controls_path": "data/results/hard_catalog_tail_coast_branch_control_replay/controls/tail_coast_all_one_two_segment_t5_portfolio_branch_019_mask_019_controls.json",
  "source_cr3bp_controls_sha256": "120dec13316c394a7e11e9f409c2ce8467f76ce467f0347e83699a35b3c8936d",
  "source_cr3bp_terminal_error": 6.951230378837426e-06,
  "strict_threshold": 0.09,
  "strict_thresholds": {
    "nominal_success": 0.05,
    "robust_success": 0.09
  },
  "substeps_per_segment": 7,
  "suite_case_id": "tail_coast_all_one_two_segment_t5_portfolio",
  "tail_coast_segments": 5,
  "target_mode": "catalog_dro_phase",
  "target_state": [
    1.189539279349344,
    -0.26858144973580916,
    0.0,
    -0.06633294887425278,
    -0.3152469277967268,
    0.0
  ],
  "thresholds": {
    "nominal_success": 0.09,
    "robust_success": 0.17
  },
  "transfer_time": 4.0,
  "weight_source": "accepted_cr3bp_branch_weights"
}
