{
  "accepted_candidate": "optimizer",
  "accepted_nominal_weight_variant_index": null,
  "accepted_nominal_weight_variant_label": null,
  "accepted_nominal_weights": null,
  "amax": 1.0,
  "branch_controls": [
    [
      0.027245883457801028,
      -0.9894514699093134,
      0.12999229063264206
    ],
    [
      0.234675184351432,
      -0.8040301570060422,
      0.25024315740051783
    ],
    [
      0.6099342331354219,
      0.7785658412931884,
      -0.10277990675133093
    ],
    [
      0.24081332357731938,
      -0.423380913687096,
      -0.38993697713541803
    ],
    [
      0.771724288460559,
      -0.04502129211910529,
      -0.21678461038244792
    ],
    [
      0.5953960441403133,
      0.29763128825099644,
      -0.46851819826660474
    ],
    [
      0.0,
      0.0,
      -0.0
    ],
    [
      -0.3357314968336702,
      -0.305883449608535,
      -0.42108933853363834
    ],
    [
      -0.14338187713258177,
      -0.7958368098000141,
      -0.4225117076860806
    ],
    [
      -0.06596033176378359,
      -0.18289643505616154,
      -0.04291523071495673
    ],
    [
      0.015709666001050213,
      -0.18752318006455954,
      -0.002818183219889054
    ],
    [
      -0.03636924457934265,
      0.5115267155536172,
      0.016516612469661976
    ],
    [
      0.5661718235834512,
      0.14749545827734165,
      0.05818702806520448
    ],
    [
      -0.0009072689133328704,
      -0.10183058447589192,
      0.24270081853377085
    ]
  ],
  "branch_fuel": 2.3974024459929115,
  "branch_order": 6,
  "branch_weights": {
    "continuity": 0.0,
    "control": 0.0,
    "smooth": 0.0,
    "terminal": 4.0
  },
  "configured_threshold": 0.17,
  "control_bound_violation": 0.0,
  "control_max_norm": 0.9983258711938794,
  "control_norms": [
    0.9983258711938794,
    0.8741616402881791,
    0.9943582087009076,
    0.6239337312763131,
    0.8028579335366248,
    0.8139963975539862,
    0.0,
    0.6193517205411566,
    0.9123764210316566,
    0.19910697715037282,
    0.18820116584136942,
    0.5130839124001221,
    0.5879550784433404,
    0.2631995030172839
  ],
  "cost": 74.6636442216224,
  "initial_bicircular_terminal_error": 5.085872236860129,
  "mask_index": 6,
  "message": "`xtol` termination condition is satisfied.",
  "nfev": 3,
  "nominal_weight_portfolio_candidates": null,
  "optimality": 776228.6719645271,
  "optimizer_ran": true,
  "optimizer_success": true,
  "outage_mask": [
    1,
    1,
    1,
    1,
    1,
    1,
    0,
    1,
    1,
    1,
    1,
    1,
    1,
    1
  ],
  "passes_configured_threshold": false,
  "passes_strict_threshold": false,
  "phase_degrees": 0.0,
  "phase_radians": 0.0,
  "recovery_control_norms": [
    0.6193517205411566,
    0.9123764210316566,
    0.19910697715037282,
    0.18820116584136942,
    0.5130839124001221,
    0.5879550784433404,
    0.2631995030172839
  ],
  "recovery_controls": [
    [
      -0.3357314968336702,
      -0.305883449608535,
      -0.42108933853363834
    ],
    [
      -0.14338187713258177,
      -0.7958368098000141,
      -0.4225117076860806
    ],
    [
      -0.06596033176378359,
      -0.18289643505616154,
      -0.04291523071495673
    ],
    [
      0.015709666001050213,
      -0.18752318006455954,
      -0.002818183219889054
    ],
    [
      -0.03636924457934265,
      0.5115267155536172,
      0.016516612469661976
    ],
    [
      0.5661718235834512,
      0.14749545827734165,
      0.05818702806520448
    ],
    [
      -0.0009072689133328704,
      -0.10183058447589192,
      0.24270081853377085
    ]
  ],
  "recovery_segments": 7,
  "recovery_start": 7,
  "retuned_bicircular_terminal_error": 3.0549886297174336,
  "retuning_semantics": "Controls were retuned under the simple bicircular solar-tidal dynamics against the original fixed target; this sidecar is not high-fidelity validation or fuel-optimality evidence.",
  "runtime_seconds": 2.1500154999957886,
  "schema_version": 1,
  "segments": 14,
  "settings_fingerprint": "42c89f2d586ab8759e96e7da10b8e44d53ba93b5dc2846f5e9783b26a5bf2723",
  "sidecar_type": "bicircular_tail_coast_branch_controls",
  "solar_tidal_parameters": {
    "distance_semantics": "constant circular Sun distance in Earth-Moon distance units",
    "model_scope": "simple bicircular solar third-body tidal stress model; not SPICE ephemeris validation",
    "mu_semantics": "GM_sun/(GM_earth+GM_moon) nondimensional mass ratio",
    "rate_semantics": "Sun inertial mean-motion ratio to Earth-Moon mean motion; rotating-frame phase rate is n_sun - 1",
    "rotating_frame_phase_rate": -0.9252,
    "sun_distance_lu": 389.17,
    "sun_inertial_angular_rate_ratio": 0.0748,
    "sun_mu_ratio": 328900.56
  },
  "source_cr3bp_controls_path": "data/results/hard_catalog_tail_coast_branch_control_replay/controls/tail_coast_all_one_two_segment_t5_portfolio_branch_006_mask_006_controls.json",
  "source_cr3bp_controls_sha256": "9a872cbc22dcc277fc2a22486591ca7a3588cbf75f0ee3f39f349c9216eb5f1d",
  "source_cr3bp_terminal_error": 8.037431915437312e-07,
  "strict_threshold": 0.09,
  "strict_thresholds": {
    "nominal_success": 0.05,
    "robust_success": 0.09
  },
  "substeps_per_segment": 7,
  "suite_case_id": "tail_coast_all_one_two_segment_t5_portfolio",
  "tail_coast_segments": 5,
  "target_mode": "catalog_dro_phase",
  "target_state": [
    1.189539279349344,
    -0.26858144973580916,
    0.0,
    -0.06633294887425278,
    -0.3152469277967268,
    0.0
  ],
  "thresholds": {
    "nominal_success": 0.09,
    "robust_success": 0.17
  },
  "transfer_time": 4.0,
  "weight_source": "accepted_cr3bp_branch_weights"
}
