{
  "accepted_candidate": "optimizer",
  "accepted_nominal_weight_variant_index": null,
  "accepted_nominal_weight_variant_label": null,
  "accepted_nominal_weights": null,
  "amax": 1.0,
  "branch_controls": [
    [
      0.027245883457801028,
      -0.9894514699093134,
      0.12999229063264206
    ],
    [
      0.234675184351432,
      -0.8040301570060422,
      0.25024315740051783
    ],
    [
      0.6099342331354219,
      0.7785658412931884,
      -0.10277990675133093
    ],
    [
      0.0,
      -0.0,
      -0.0
    ],
    [
      0.0,
      -0.0,
      -0.0
    ],
    [
      0.664640831707618,
      0.44169647910597437,
      -0.033976360099341796
    ],
    [
      0.09273428234863745,
      0.5068128376864953,
      0.5353144163751237
    ],
    [
      -0.2996382946192672,
      -0.21525822614976914,
      -0.7917747478717858
    ],
    [
      -0.05560637001977581,
      -0.9470817589069609,
      -0.22686062263624276
    ],
    [
      0.05190582163777216,
      0.1817202462956259,
      0.6318338267263904
    ],
    [
      0.08728501617797058,
      0.24106904418105846,
      0.5524553750529417
    ],
    [
      0.1239218007126695,
      0.4835892299057463,
      0.24138629197545694
    ],
    [
      0.1520406007107473,
      -0.02791170906516847,
      0.1670185631401411
    ],
    [
      0.1786627946548781,
      0.1905323601812669,
      -0.15752840810865693
    ]
  ],
  "branch_fuel": 2.460913331000644,
  "branch_order": 17,
  "branch_weights": {
    "continuity": 0.0,
    "control": 0.0,
    "smooth": 0.0,
    "terminal": 4.0
  },
  "configured_threshold": 0.17,
  "control_bound_violation": 0.0,
  "control_max_norm": 0.9983258711938794,
  "control_norms": [
    0.9983258711938794,
    0.8741616402881791,
    0.9943582087009076,
    0.0,
    0.0,
    0.7987475244864355,
    0.7429807695664766,
    0.8735138595894847,
    0.9754597216410233,
    0.6594925676831768,
    0.6090483556635254,
    0.5545110440075688,
    0.22757550000125407,
    0.30502159568034315
  ],
  "cost": 8.418695249435541e-12,
  "initial_bicircular_terminal_error": 0.1947324306466291,
  "mask_index": 17,
  "message": "`gtol` termination condition is satisfied.",
  "nfev": 24,
  "nominal_weight_portfolio_candidates": null,
  "optimality": 4.968587676001733e-05,
  "optimizer_ran": true,
  "optimizer_success": true,
  "outage_mask": [
    1,
    1,
    1,
    0,
    0,
    1,
    1,
    1,
    1,
    1,
    1,
    1,
    1,
    1
  ],
  "passes_configured_threshold": true,
  "passes_strict_threshold": true,
  "phase_degrees": 0.0,
  "phase_radians": 0.0,
  "recovery_control_norms": [
    0.7987475244864355,
    0.7429807695664766,
    0.8735138595894847,
    0.9754597216410233,
    0.6594925676831768,
    0.6090483556635254,
    0.5545110440075688,
    0.22757550000125407,
    0.30502159568034315
  ],
  "recovery_controls": [
    [
      0.664640831707618,
      0.44169647910597437,
      -0.033976360099341796
    ],
    [
      0.09273428234863745,
      0.5068128376864953,
      0.5353144163751237
    ],
    [
      -0.2996382946192672,
      -0.21525822614976914,
      -0.7917747478717858
    ],
    [
      -0.05560637001977581,
      -0.9470817589069609,
      -0.22686062263624276
    ],
    [
      0.05190582163777216,
      0.1817202462956259,
      0.6318338267263904
    ],
    [
      0.08728501617797058,
      0.24106904418105846,
      0.5524553750529417
    ],
    [
      0.1239218007126695,
      0.4835892299057463,
      0.24138629197545694
    ],
    [
      0.1520406007107473,
      -0.02791170906516847,
      0.1670185631401411
    ],
    [
      0.1786627946548781,
      0.1905323601812669,
      -0.15752840810865693
    ]
  ],
  "recovery_segments": 9,
  "recovery_start": 5,
  "retuned_bicircular_terminal_error": 1.025834736290131e-06,
  "retuning_semantics": "Controls were retuned under the simple bicircular solar-tidal dynamics against the original fixed target; this sidecar is not high-fidelity validation or fuel-optimality evidence.",
  "runtime_seconds": 27.407975900016027,
  "schema_version": 1,
  "segments": 14,
  "settings_fingerprint": "42c89f2d586ab8759e96e7da10b8e44d53ba93b5dc2846f5e9783b26a5bf2723",
  "sidecar_type": "bicircular_tail_coast_branch_controls",
  "solar_tidal_parameters": {
    "distance_semantics": "constant circular Sun distance in Earth-Moon distance units",
    "model_scope": "simple bicircular solar third-body tidal stress model; not SPICE ephemeris validation",
    "mu_semantics": "GM_sun/(GM_earth+GM_moon) nondimensional mass ratio",
    "rate_semantics": "Sun inertial mean-motion ratio to Earth-Moon mean motion; rotating-frame phase rate is n_sun - 1",
    "rotating_frame_phase_rate": -0.9252,
    "sun_distance_lu": 389.17,
    "sun_inertial_angular_rate_ratio": 0.0748,
    "sun_mu_ratio": 328900.56
  },
  "source_cr3bp_controls_path": "data/results/hard_catalog_tail_coast_branch_control_replay/controls/tail_coast_all_one_two_segment_t5_portfolio_branch_017_mask_017_controls.json",
  "source_cr3bp_controls_sha256": "225084c4e3c223c76a71f058d0f6093d7d70768255f0eb2559641e9432b979ab",
  "source_cr3bp_terminal_error": 3.4659021044849007e-06,
  "strict_threshold": 0.09,
  "strict_thresholds": {
    "nominal_success": 0.05,
    "robust_success": 0.09
  },
  "substeps_per_segment": 7,
  "suite_case_id": "tail_coast_all_one_two_segment_t5_portfolio",
  "tail_coast_segments": 5,
  "target_mode": "catalog_dro_phase",
  "target_state": [
    1.189539279349344,
    -0.26858144973580916,
    0.0,
    -0.06633294887425278,
    -0.3152469277967268,
    0.0
  ],
  "thresholds": {
    "nominal_success": 0.09,
    "robust_success": 0.17
  },
  "transfer_time": 4.0,
  "weight_source": "accepted_cr3bp_branch_weights"
}
