{
  "accepted_candidate": "optimizer",
  "accepted_nominal_weight_variant_index": null,
  "accepted_nominal_weight_variant_label": null,
  "accepted_nominal_weights": null,
  "amax": 1.0,
  "branch_controls": [
    [
      0.027245883457801028,
      -0.9894514699093134,
      0.12999229063264206
    ],
    [
      0.234675184351432,
      -0.8040301570060422,
      0.25024315740051783
    ],
    [
      0.6099342331354219,
      0.7785658412931884,
      -0.10277990675133093
    ],
    [
      0.24081332357731938,
      -0.423380913687096,
      -0.38993697713541803
    ],
    [
      0.771724288460559,
      -0.04502129211910529,
      -0.21678461038244792
    ],
    [
      0.5953960441403133,
      0.29763128825099644,
      -0.46851819826660474
    ],
    [
      0.031642267351756515,
      0.39822798611123356,
      -0.23571090516555468
    ],
    [
      -0.245660540313268,
      -0.28092889448379843,
      -0.6277589002946545
    ],
    [
      -0.04444258773602088,
      -0.7783525708784775,
      -0.6253423796367169
    ],
    [
      0.0,
      0.0,
      0.0
    ],
    [
      -0.1018629680924571,
      -0.024970505740909747,
      0.06299593510881372
    ],
    [
      0.048653429808538935,
      -0.10290189980622999,
      0.08410038642822769
    ],
    [
      0.13841316130795428,
      -0.018461912386497362,
      0.08402486849659982
    ],
    [
      0.16852372851073502,
      -0.6831224843266389,
      -0.31591593151680103
    ]
  ],
  "branch_fuel": 2.4283773266462574,
  "branch_order": 9,
  "branch_weights": {
    "continuity": 0.0,
    "control": 0.01,
    "smooth": 0.01,
    "terminal": 4.0
  },
  "configured_threshold": 0.17,
  "control_bound_violation": 0.0,
  "control_max_norm": 0.9994303177148075,
  "control_norms": [
    0.9983258711938794,
    0.8741616402881791,
    0.9943582087009076,
    0.6239337312763131,
    0.8028579335366248,
    0.8139963975539862,
    0.4638387573492905,
    0.7303091001227151,
    0.9994303177148075,
    0.0,
    0.12234409779713776,
    0.1415232567928079,
    0.16297000938239947,
    0.7712713215528547
  ],
  "cost": 0.48902022697809444,
  "initial_bicircular_terminal_error": 2.1644865858224254,
  "mask_index": 9,
  "message": "The maximum number of function evaluations is exceeded.",
  "nfev": 220,
  "nominal_weight_portfolio_candidates": null,
  "optimality": 874.6127394520591,
  "optimizer_ran": true,
  "optimizer_success": false,
  "outage_mask": [
    1,
    1,
    1,
    1,
    1,
    1,
    1,
    1,
    1,
    0,
    1,
    1,
    1,
    1
  ],
  "passes_configured_threshold": false,
  "passes_strict_threshold": false,
  "phase_degrees": 0.0,
  "phase_radians": 0.0,
  "recovery_control_norms": [
    0.12234409779713776,
    0.1415232567928079,
    0.16297000938239947,
    0.7712713215528547
  ],
  "recovery_controls": [
    [
      -0.1018629680924571,
      -0.024970505740909747,
      0.06299593510881372
    ],
    [
      0.048653429808538935,
      -0.10290189980622999,
      0.08410038642822769
    ],
    [
      0.13841316130795428,
      -0.018461912386497362,
      0.08402486849659982
    ],
    [
      0.16852372851073502,
      -0.6831224843266389,
      -0.31591593151680103
    ]
  ],
  "recovery_segments": 4,
  "recovery_start": 10,
  "retuned_bicircular_terminal_error": 0.24722334449589398,
  "retuning_semantics": "Controls were retuned under the simple bicircular solar-tidal dynamics against the original fixed target; this sidecar is not high-fidelity validation or fuel-optimality evidence.",
  "runtime_seconds": 109.25123980001081,
  "schema_version": 1,
  "segments": 14,
  "settings_fingerprint": "42c89f2d586ab8759e96e7da10b8e44d53ba93b5dc2846f5e9783b26a5bf2723",
  "sidecar_type": "bicircular_tail_coast_branch_controls",
  "solar_tidal_parameters": {
    "distance_semantics": "constant circular Sun distance in Earth-Moon distance units",
    "model_scope": "simple bicircular solar third-body tidal stress model; not SPICE ephemeris validation",
    "mu_semantics": "GM_sun/(GM_earth+GM_moon) nondimensional mass ratio",
    "rate_semantics": "Sun inertial mean-motion ratio to Earth-Moon mean motion; rotating-frame phase rate is n_sun - 1",
    "rotating_frame_phase_rate": -0.9252,
    "sun_distance_lu": 389.17,
    "sun_inertial_angular_rate_ratio": 0.0748,
    "sun_mu_ratio": 328900.56
  },
  "source_cr3bp_controls_path": "data/results/hard_catalog_tail_coast_branch_control_replay/controls/tail_coast_all_one_two_segment_t5_portfolio_branch_009_mask_009_controls.json",
  "source_cr3bp_controls_sha256": "bd698e9a952d2aa99661f45650d1b6a41546c4619b5eebcdbe859d9f1a75d89d",
  "source_cr3bp_terminal_error": 1.3421492615961595e-05,
  "strict_threshold": 0.09,
  "strict_thresholds": {
    "nominal_success": 0.05,
    "robust_success": 0.09
  },
  "substeps_per_segment": 7,
  "suite_case_id": "tail_coast_all_one_two_segment_t5_portfolio",
  "tail_coast_segments": 5,
  "target_mode": "catalog_dro_phase",
  "target_state": [
    1.189539279349344,
    -0.26858144973580916,
    0.0,
    -0.06633294887425278,
    -0.3152469277967268,
    0.0
  ],
  "thresholds": {
    "nominal_success": 0.09,
    "robust_success": 0.17
  },
  "transfer_time": 4.0,
  "weight_source": "accepted_cr3bp_branch_weights"
}
