{
  "accepted_candidate": "optimizer",
  "accepted_nominal_weight_variant_index": null,
  "accepted_nominal_weight_variant_label": null,
  "accepted_nominal_weights": null,
  "amax": 1.0,
  "branch_controls": [
    [
      0.027245883457801028,
      -0.9894514699093134,
      0.12999229063264206
    ],
    [
      0.234675184351432,
      -0.8040301570060422,
      0.25024315740051783
    ],
    [
      0.6099342331354219,
      0.7785658412931884,
      -0.10277990675133093
    ],
    [
      0.24081332357731938,
      -0.423380913687096,
      -0.38993697713541803
    ],
    [
      0.0,
      -0.0,
      -0.0
    ],
    [
      0.0,
      0.0,
      -0.0
    ],
    [
      0.7180146805397514,
      0.6620955723315302,
      0.21467270815914716
    ],
    [
      0.7744665103217486,
      0.09593171797499386,
      -0.5727912507064739
    ],
    [
      0.3857632359627708,
      -0.7832963734584447,
      0.4874766836540804
    ],
    [
      0.6349572180009821,
      -0.18311907851276768,
      0.7157019095771052
    ],
    [
      0.16533787732236327,
      -0.12285864542217799,
      -0.2882413159250028
    ],
    [
      0.5444985431999397,
      0.8194447615911301,
      0.1789737946013306
    ],
    [
      0.7589455193144189,
      0.3939176560863457,
      0.5110190602663228
    ],
    [
      -0.2455254217153685,
      0.7869752382920794,
      -0.5660275979195851
    ]
  ],
  "branch_fuel": 3.080963635688585,
  "branch_order": 18,
  "branch_weights": {
    "continuity": 0.0,
    "control": 0.0,
    "smooth": 0.0,
    "terminal": 4.0
  },
  "configured_threshold": 0.17,
  "control_bound_violation": 0.0,
  "control_max_norm": 1.0,
  "control_norms": [
    0.9983258711938794,
    0.8741616402881791,
    0.9943582087009076,
    0.6239337312763131,
    0.0,
    0.0,
    1.0,
    0.968034651760704,
    1.0,
    0.974131658955414,
    0.35427943298844566,
    1.0,
    0.9961475297462064,
    1.0
  ],
  "cost": 7.1357597771110244e-12,
  "initial_bicircular_terminal_error": 0.19524725408976315,
  "mask_index": 18,
  "message": "`gtol` termination condition is satisfied.",
  "nfev": 26,
  "nominal_weight_portfolio_candidates": null,
  "optimality": 3.885983740500995e-05,
  "optimizer_ran": true,
  "optimizer_success": true,
  "outage_mask": [
    1,
    1,
    1,
    1,
    0,
    0,
    1,
    1,
    1,
    1,
    1,
    1,
    1,
    1
  ],
  "passes_configured_threshold": true,
  "passes_strict_threshold": true,
  "phase_degrees": 0.0,
  "phase_radians": 0.0,
  "recovery_control_norms": [
    1.0,
    0.968034651760704,
    1.0,
    0.974131658955414,
    0.35427943298844566,
    1.0,
    0.9961475297462064,
    1.0
  ],
  "recovery_controls": [
    [
      0.7180146805397514,
      0.6620955723315302,
      0.21467270815914716
    ],
    [
      0.7744665103217486,
      0.09593171797499386,
      -0.5727912507064739
    ],
    [
      0.3857632359627708,
      -0.7832963734584447,
      0.4874766836540804
    ],
    [
      0.6349572180009821,
      -0.18311907851276768,
      0.7157019095771052
    ],
    [
      0.16533787732236327,
      -0.12285864542217799,
      -0.2882413159250028
    ],
    [
      0.5444985431999397,
      0.8194447615911301,
      0.1789737946013306
    ],
    [
      0.7589455193144189,
      0.3939176560863457,
      0.5110190602663228
    ],
    [
      -0.2455254217153685,
      0.7869752382920794,
      -0.5660275979195851
    ]
  ],
  "recovery_segments": 8,
  "recovery_start": 6,
  "retuned_bicircular_terminal_error": 9.444416192326968e-07,
  "retuning_semantics": "Controls were retuned under the simple bicircular solar-tidal dynamics against the original fixed target; this sidecar is not high-fidelity validation or fuel-optimality evidence.",
  "runtime_seconds": 22.848986100027105,
  "schema_version": 1,
  "segments": 14,
  "settings_fingerprint": "42c89f2d586ab8759e96e7da10b8e44d53ba93b5dc2846f5e9783b26a5bf2723",
  "sidecar_type": "bicircular_tail_coast_branch_controls",
  "solar_tidal_parameters": {
    "distance_semantics": "constant circular Sun distance in Earth-Moon distance units",
    "model_scope": "simple bicircular solar third-body tidal stress model; not SPICE ephemeris validation",
    "mu_semantics": "GM_sun/(GM_earth+GM_moon) nondimensional mass ratio",
    "rate_semantics": "Sun inertial mean-motion ratio to Earth-Moon mean motion; rotating-frame phase rate is n_sun - 1",
    "rotating_frame_phase_rate": -0.9252,
    "sun_distance_lu": 389.17,
    "sun_inertial_angular_rate_ratio": 0.0748,
    "sun_mu_ratio": 328900.56
  },
  "source_cr3bp_controls_path": "data/results/hard_catalog_tail_coast_branch_control_replay/controls/tail_coast_all_one_two_segment_t5_portfolio_branch_018_mask_018_controls.json",
  "source_cr3bp_controls_sha256": "2ecf498e3ba4aebf4c3fe7283b2055cca7af7fd65732b180b4fe46d1e878c3d3",
  "source_cr3bp_terminal_error": 4.814731319332396e-07,
  "strict_threshold": 0.09,
  "strict_thresholds": {
    "nominal_success": 0.05,
    "robust_success": 0.09
  },
  "substeps_per_segment": 7,
  "suite_case_id": "tail_coast_all_one_two_segment_t5_portfolio",
  "tail_coast_segments": 5,
  "target_mode": "catalog_dro_phase",
  "target_state": [
    1.189539279349344,
    -0.26858144973580916,
    0.0,
    -0.06633294887425278,
    -0.3152469277967268,
    0.0
  ],
  "thresholds": {
    "nominal_success": 0.09,
    "robust_success": 0.17
  },
  "transfer_time": 4.0,
  "weight_source": "accepted_cr3bp_branch_weights"
}
