{
  "accepted_candidate": "optimizer",
  "accepted_nominal_weight_variant_index": null,
  "accepted_nominal_weight_variant_label": null,
  "accepted_nominal_weights": null,
  "amax": 1.0,
  "branch_controls": [
    [
      0.0,
      -0.0,
      0.0
    ],
    [
      0.0,
      -0.0,
      0.0
    ],
    [
      -0.07990084037018474,
      -0.5018852760878079,
      0.001493370103035024
    ],
    [
      0.07201002731194037,
      -0.4911856488551207,
      -0.03642332617991905
    ],
    [
      0.029655018098657275,
      -0.4765120388043628,
      -0.08434026801260523
    ],
    [
      -0.03117370609212216,
      -0.4737312260886008,
      -0.1479132699781265
    ],
    [
      -0.09062432529490905,
      -0.4596719794214676,
      -0.17305854426800202
    ],
    [
      -0.02838870747594306,
      -0.43217132051319274,
      -0.20931866931476475
    ],
    [
      0.16068143173271218,
      -0.4487291478807508,
      -0.023709501285332512
    ],
    [
      0.3166315765849643,
      -0.5654883263703904,
      0.13257974850666038
    ],
    [
      0.6121668922440774,
      -0.36201041073074985,
      0.15476599795080384
    ],
    [
      0.16715446705300574,
      -0.4285762308611831,
      0.1868075729722978
    ],
    [
      -0.014392575030198354,
      -0.7631538624230966,
      -0.6460565269794196
    ],
    [
      -0.3833378551725392,
      -0.03276587959021735,
      0.21811727333706268
    ]
  ],
  "branch_fuel": 1.935402444910645,
  "branch_order": 14,
  "branch_weights": {
    "continuity": 0.0,
    "control": 0.0,
    "smooth": 0.0,
    "terminal": 4.0
  },
  "configured_threshold": 0.17,
  "control_bound_violation": 0.0,
  "control_max_norm": 1.0,
  "control_norms": [
    0.0,
    0.0,
    0.5082078362243754,
    0.4977704735766286,
    0.4848261791945237,
    0.49726392384582774,
    0.4994600652149956,
    0.48103250857917623,
    0.47721956279333116,
    0.6615209688785039,
    0.7278408861550211,
    0.4965030421203408,
    1.0,
    0.44226311060453394
  ],
  "cost": 15.70887549022236,
  "initial_bicircular_terminal_error": 1.9411343547815205,
  "mask_index": 14,
  "message": "`xtol` termination condition is satisfied.",
  "nfev": 10,
  "nominal_weight_portfolio_candidates": null,
  "optimality": 2086.5850443477157,
  "optimizer_ran": true,
  "optimizer_success": true,
  "outage_mask": [
    0,
    0,
    1,
    1,
    1,
    1,
    1,
    1,
    1,
    1,
    1,
    1,
    1,
    1
  ],
  "passes_configured_threshold": false,
  "passes_strict_threshold": false,
  "phase_degrees": 0.0,
  "phase_radians": 0.0,
  "recovery_control_norms": [
    0.5082078362243754,
    0.4977704735766286,
    0.4848261791945237,
    0.49726392384582774,
    0.4994600652149956,
    0.48103250857917623,
    0.47721956279333116,
    0.6615209688785039,
    0.7278408861550211,
    0.4965030421203408,
    1.0,
    0.44226311060453394
  ],
  "recovery_controls": [
    [
      -0.07990084037018474,
      -0.5018852760878079,
      0.001493370103035024
    ],
    [
      0.07201002731194037,
      -0.4911856488551207,
      -0.03642332617991905
    ],
    [
      0.029655018098657275,
      -0.4765120388043628,
      -0.08434026801260523
    ],
    [
      -0.03117370609212216,
      -0.4737312260886008,
      -0.1479132699781265
    ],
    [
      -0.09062432529490905,
      -0.4596719794214676,
      -0.17305854426800202
    ],
    [
      -0.02838870747594306,
      -0.43217132051319274,
      -0.20931866931476475
    ],
    [
      0.16068143173271218,
      -0.4487291478807508,
      -0.023709501285332512
    ],
    [
      0.3166315765849643,
      -0.5654883263703904,
      0.13257974850666038
    ],
    [
      0.6121668922440774,
      -0.36201041073074985,
      0.15476599795080384
    ],
    [
      0.16715446705300574,
      -0.4285762308611831,
      0.1868075729722978
    ],
    [
      -0.014392575030198354,
      -0.7631538624230966,
      -0.6460565269794196
    ],
    [
      -0.3833378551725392,
      -0.03276587959021735,
      0.21811727333706268
    ]
  ],
  "recovery_segments": 12,
  "recovery_start": 2,
  "retuned_bicircular_terminal_error": 1.4012884914527042,
  "retuning_semantics": "Controls were retuned under the simple bicircular solar-tidal dynamics against the original fixed target; this sidecar is not high-fidelity validation or fuel-optimality evidence.",
  "runtime_seconds": 7.149891400011256,
  "schema_version": 1,
  "segments": 14,
  "settings_fingerprint": "42c89f2d586ab8759e96e7da10b8e44d53ba93b5dc2846f5e9783b26a5bf2723",
  "sidecar_type": "bicircular_tail_coast_branch_controls",
  "solar_tidal_parameters": {
    "distance_semantics": "constant circular Sun distance in Earth-Moon distance units",
    "model_scope": "simple bicircular solar third-body tidal stress model; not SPICE ephemeris validation",
    "mu_semantics": "GM_sun/(GM_earth+GM_moon) nondimensional mass ratio",
    "rate_semantics": "Sun inertial mean-motion ratio to Earth-Moon mean motion; rotating-frame phase rate is n_sun - 1",
    "rotating_frame_phase_rate": -0.9252,
    "sun_distance_lu": 389.17,
    "sun_inertial_angular_rate_ratio": 0.0748,
    "sun_mu_ratio": 328900.56
  },
  "source_cr3bp_controls_path": "data/results/hard_catalog_tail_coast_branch_control_replay/controls/tail_coast_all_one_two_segment_t5_portfolio_branch_014_mask_014_controls.json",
  "source_cr3bp_controls_sha256": "84bbd88511df35140ceddb6227e193a0d405fe6bcb6616ce0d4150469d13722b",
  "source_cr3bp_terminal_error": 1.1480203677362552e-06,
  "strict_threshold": 0.09,
  "strict_thresholds": {
    "nominal_success": 0.05,
    "robust_success": 0.09
  },
  "substeps_per_segment": 7,
  "suite_case_id": "tail_coast_all_one_two_segment_t5_portfolio",
  "tail_coast_segments": 5,
  "target_mode": "catalog_dro_phase",
  "target_state": [
    1.189539279349344,
    -0.26858144973580916,
    0.0,
    -0.06633294887425278,
    -0.3152469277967268,
    0.0
  ],
  "thresholds": {
    "nominal_success": 0.09,
    "robust_success": 0.17
  },
  "transfer_time": 4.0,
  "weight_source": "accepted_cr3bp_branch_weights"
}
