{
  "accepted_candidate": "optimizer",
  "accepted_nominal_weight_variant_index": null,
  "accepted_nominal_weight_variant_label": null,
  "accepted_nominal_weights": null,
  "amax": 1.0,
  "branch_controls": [
    [
      0.027245883457801028,
      -0.9894514699093134,
      0.12999229063264206
    ],
    [
      0.234675184351432,
      -0.8040301570060422,
      0.25024315740051783
    ],
    [
      0.0,
      0.0,
      -0.0
    ],
    [
      0.0,
      -0.0,
      -0.0
    ],
    [
      0.7888865976845801,
      0.455451500421768,
      0.4125795277970145
    ],
    [
      0.8197390731771961,
      0.4400936307508081,
      0.36653164676350003
    ],
    [
      0.8697107792402369,
      0.2953690684763962,
      0.044995532947194994
    ],
    [
      0.5766595573851785,
      -0.4221244067528867,
      0.407887685238672
    ],
    [
      0.4528874023806464,
      -0.8738595663042296,
      -0.14856411109129197
    ],
    [
      0.513650674435802,
      0.2754255985661783,
      0.290932493583187
    ],
    [
      -0.03228584140317558,
      0.5060153231387191,
      0.44399949399611754
    ],
    [
      0.2525902943846956,
      0.20686805636890176,
      0.9452003758128779
    ],
    [
      0.4843375448622258,
      0.6095434802640128,
      -0.4318010956044096
    ],
    [
      0.39703766131826773,
      0.9007985872225299,
      -0.17584936949791646
    ]
  ],
  "branch_fuel": 3.093139215710687,
  "branch_order": 16,
  "branch_weights": {
    "continuity": 0.0,
    "control": 0.0,
    "smooth": 0.0,
    "terminal": 4.0
  },
  "configured_threshold": 0.17,
  "control_bound_violation": 0.0,
  "control_max_norm": 1.0,
  "control_norms": [
    0.9983258711938794,
    0.8741616402881791,
    0.0,
    0.0,
    0.9999999999999999,
    1.0,
    0.9196000892368792,
    0.8228594191412701,
    0.995393809484895,
    0.6514123053154761,
    0.6739654542149038,
    0.9999999999999999,
    0.8902686661119227,
    1.0
  ],
  "cost": 0.01013428847224754,
  "initial_bicircular_terminal_error": 1.1311448135954323,
  "mask_index": 16,
  "message": "`xtol` termination condition is satisfied.",
  "nfev": 109,
  "nominal_weight_portfolio_candidates": null,
  "optimality": 0.1387949493108506,
  "optimizer_ran": true,
  "optimizer_success": true,
  "outage_mask": [
    1,
    1,
    0,
    0,
    1,
    1,
    1,
    1,
    1,
    1,
    1,
    1,
    1,
    1
  ],
  "passes_configured_threshold": true,
  "passes_strict_threshold": true,
  "phase_degrees": 0.0,
  "phase_radians": 0.0,
  "recovery_control_norms": [
    0.9999999999999999,
    1.0,
    0.9196000892368792,
    0.8228594191412701,
    0.995393809484895,
    0.6514123053154761,
    0.6739654542149038,
    0.9999999999999999,
    0.8902686661119227,
    1.0
  ],
  "recovery_controls": [
    [
      0.7888865976845801,
      0.455451500421768,
      0.4125795277970145
    ],
    [
      0.8197390731771961,
      0.4400936307508081,
      0.36653164676350003
    ],
    [
      0.8697107792402369,
      0.2953690684763962,
      0.044995532947194994
    ],
    [
      0.5766595573851785,
      -0.4221244067528867,
      0.407887685238672
    ],
    [
      0.4528874023806464,
      -0.8738595663042296,
      -0.14856411109129197
    ],
    [
      0.513650674435802,
      0.2754255985661783,
      0.290932493583187
    ],
    [
      -0.03228584140317558,
      0.5060153231387191,
      0.44399949399611754
    ],
    [
      0.2525902943846956,
      0.20686805636890176,
      0.9452003758128779
    ],
    [
      0.4843375448622258,
      0.6095434802640128,
      -0.4318010956044096
    ],
    [
      0.39703766131826773,
      0.9007985872225299,
      -0.17584936949791646
    ]
  ],
  "recovery_segments": 10,
  "recovery_start": 4,
  "retuned_bicircular_terminal_error": 0.03559193811849732,
  "retuning_semantics": "Controls were retuned under the simple bicircular solar-tidal dynamics against the original fixed target; this sidecar is not high-fidelity validation or fuel-optimality evidence.",
  "runtime_seconds": 145.42015999997966,
  "schema_version": 1,
  "segments": 14,
  "settings_fingerprint": "42c89f2d586ab8759e96e7da10b8e44d53ba93b5dc2846f5e9783b26a5bf2723",
  "sidecar_type": "bicircular_tail_coast_branch_controls",
  "solar_tidal_parameters": {
    "distance_semantics": "constant circular Sun distance in Earth-Moon distance units",
    "model_scope": "simple bicircular solar third-body tidal stress model; not SPICE ephemeris validation",
    "mu_semantics": "GM_sun/(GM_earth+GM_moon) nondimensional mass ratio",
    "rate_semantics": "Sun inertial mean-motion ratio to Earth-Moon mean motion; rotating-frame phase rate is n_sun - 1",
    "rotating_frame_phase_rate": -0.9252,
    "sun_distance_lu": 389.17,
    "sun_inertial_angular_rate_ratio": 0.0748,
    "sun_mu_ratio": 328900.56
  },
  "source_cr3bp_controls_path": "data/results/hard_catalog_tail_coast_branch_control_replay/controls/tail_coast_all_one_two_segment_t5_portfolio_branch_016_mask_016_controls.json",
  "source_cr3bp_controls_sha256": "b0da49e520befc4d0a31270b759be89b086ac6b44e45c0833f3db3d102b84140",
  "source_cr3bp_terminal_error": 5.856875579566853e-06,
  "strict_threshold": 0.09,
  "strict_thresholds": {
    "nominal_success": 0.05,
    "robust_success": 0.09
  },
  "substeps_per_segment": 7,
  "suite_case_id": "tail_coast_all_one_two_segment_t5_portfolio",
  "tail_coast_segments": 5,
  "target_mode": "catalog_dro_phase",
  "target_state": [
    1.189539279349344,
    -0.26858144973580916,
    0.0,
    -0.06633294887425278,
    -0.3152469277967268,
    0.0
  ],
  "thresholds": {
    "nominal_success": 0.09,
    "robust_success": 0.17
  },
  "transfer_time": 4.0,
  "weight_source": "accepted_cr3bp_branch_weights"
}
