{
  "accepted_candidate": "optimizer",
  "accepted_nominal_weight_variant_index": null,
  "accepted_nominal_weight_variant_label": null,
  "accepted_nominal_weights": null,
  "amax": 1.0,
  "branch_controls": [
    [
      0.027245883457801028,
      -0.9894514699093134,
      0.12999229063264206
    ],
    [
      0.0,
      -0.0,
      0.0
    ],
    [
      0.5919450056038514,
      0.5781357548914493,
      -0.15915931615120366
    ],
    [
      0.08243782866028887,
      -0.4319989176969354,
      -0.43339114087010255
    ],
    [
      0.49926970658256886,
      -0.32084661627511996,
      -0.28696256379978335
    ],
    [
      0.3124138911070733,
      0.18393577032381878,
      -0.9319684506670391
    ],
    [
      -0.13890943040969891,
      0.19868327246320963,
      0.7736392256065227
    ],
    [
      -0.3629224962259971,
      -0.8840081305590557,
      0.2746519632975763
    ],
    [
      -0.13628201979260032,
      -0.7271137446586655,
      -0.6608293404557963
    ],
    [
      -0.18847179921892085,
      0.0652762719550074,
      0.9588681994526905
    ],
    [
      0.09147432187785906,
      0.12870998588643487,
      0.17569424634025346
    ],
    [
      0.2549156633511422,
      0.26215669195379365,
      -0.30471625445415446
    ],
    [
      0.0473435870058954,
      0.20244437983022504,
      -0.6850807432558877
    ],
    [
      -0.16731068810367897,
      -0.41969878464037746,
      -0.19834126472509994
    ]
  ],
  "branch_fuel": 2.8044380642301134,
  "branch_order": 1,
  "branch_weights": {
    "continuity": 0.0,
    "control": 0.0,
    "smooth": 0.0,
    "terminal": 4.0
  },
  "configured_threshold": 0.17,
  "control_bound_violation": 0.0,
  "control_max_norm": 1.0,
  "control_norms": [
    0.9983258711938794,
    0.0,
    0.8425980825167884,
    0.6174519750314479,
    0.6592118810434041,
    1.0,
    0.8107333248426988,
    0.9942921170886545,
    0.9919488917265549,
    0.9793930950863428,
    0.23622506265629414,
    0.47598332143729377,
    0.7159334933745374,
    0.4934361088075017
  ],
  "cost": 2.603825320225262e-09,
  "initial_bicircular_terminal_error": 0.527025688769886,
  "mask_index": 1,
  "message": "`xtol` termination condition is satisfied.",
  "nfev": 17,
  "nominal_weight_portfolio_candidates": null,
  "optimality": 0.0088857835654761,
  "optimizer_ran": true,
  "optimizer_success": true,
  "outage_mask": [
    1,
    0,
    1,
    1,
    1,
    1,
    1,
    1,
    1,
    1,
    1,
    1,
    1,
    1
  ],
  "passes_configured_threshold": true,
  "passes_strict_threshold": true,
  "phase_degrees": 0.0,
  "phase_radians": 0.0,
  "recovery_control_norms": [
    0.8425980825167884,
    0.6174519750314479,
    0.6592118810434041,
    1.0,
    0.8107333248426988,
    0.9942921170886545,
    0.9919488917265549,
    0.9793930950863428,
    0.23622506265629414,
    0.47598332143729377,
    0.7159334933745374,
    0.4934361088075017
  ],
  "recovery_controls": [
    [
      0.5919450056038514,
      0.5781357548914493,
      -0.15915931615120366
    ],
    [
      0.08243782866028887,
      -0.4319989176969354,
      -0.43339114087010255
    ],
    [
      0.49926970658256886,
      -0.32084661627511996,
      -0.28696256379978335
    ],
    [
      0.3124138911070733,
      0.18393577032381878,
      -0.9319684506670391
    ],
    [
      -0.13890943040969891,
      0.19868327246320963,
      0.7736392256065227
    ],
    [
      -0.3629224962259971,
      -0.8840081305590557,
      0.2746519632975763
    ],
    [
      -0.13628201979260032,
      -0.7271137446586655,
      -0.6608293404557963
    ],
    [
      -0.18847179921892085,
      0.0652762719550074,
      0.9588681994526905
    ],
    [
      0.09147432187785906,
      0.12870998588643487,
      0.17569424634025346
    ],
    [
      0.2549156633511422,
      0.26215669195379365,
      -0.30471625445415446
    ],
    [
      0.0473435870058954,
      0.20244437983022504,
      -0.6850807432558877
    ],
    [
      -0.16731068810367897,
      -0.41969878464037746,
      -0.19834126472509994
    ]
  ],
  "recovery_segments": 12,
  "recovery_start": 2,
  "retuned_bicircular_terminal_error": 1.804101341466598e-05,
  "retuning_semantics": "Controls were retuned under the simple bicircular solar-tidal dynamics against the original fixed target; this sidecar is not high-fidelity validation or fuel-optimality evidence.",
  "runtime_seconds": 14.42088610000792,
  "schema_version": 1,
  "segments": 14,
  "settings_fingerprint": "42c89f2d586ab8759e96e7da10b8e44d53ba93b5dc2846f5e9783b26a5bf2723",
  "sidecar_type": "bicircular_tail_coast_branch_controls",
  "solar_tidal_parameters": {
    "distance_semantics": "constant circular Sun distance in Earth-Moon distance units",
    "model_scope": "simple bicircular solar third-body tidal stress model; not SPICE ephemeris validation",
    "mu_semantics": "GM_sun/(GM_earth+GM_moon) nondimensional mass ratio",
    "rate_semantics": "Sun inertial mean-motion ratio to Earth-Moon mean motion; rotating-frame phase rate is n_sun - 1",
    "rotating_frame_phase_rate": -0.9252,
    "sun_distance_lu": 389.17,
    "sun_inertial_angular_rate_ratio": 0.0748,
    "sun_mu_ratio": 328900.56
  },
  "source_cr3bp_controls_path": "data/results/hard_catalog_tail_coast_branch_control_replay/controls/tail_coast_all_one_two_segment_t5_portfolio_branch_001_mask_001_controls.json",
  "source_cr3bp_controls_sha256": "2ac3ea5cf5870454b3cced8a57a48fb0bff50f845ef2887ad3d356d74ff138c2",
  "source_cr3bp_terminal_error": 0.0021092769780679923,
  "strict_threshold": 0.09,
  "strict_thresholds": {
    "nominal_success": 0.05,
    "robust_success": 0.09
  },
  "substeps_per_segment": 7,
  "suite_case_id": "tail_coast_all_one_two_segment_t5_portfolio",
  "tail_coast_segments": 5,
  "target_mode": "catalog_dro_phase",
  "target_state": [
    1.189539279349344,
    -0.26858144973580916,
    0.0,
    -0.06633294887425278,
    -0.3152469277967268,
    0.0
  ],
  "thresholds": {
    "nominal_success": 0.09,
    "robust_success": 0.17
  },
  "transfer_time": 4.0,
  "weight_source": "accepted_cr3bp_branch_weights"
}
