{
  "accepted_candidate": "optimizer",
  "accepted_nominal_weight_variant_index": null,
  "accepted_nominal_weight_variant_label": null,
  "accepted_nominal_weights": null,
  "amax": 1.0,
  "branch_controls": [
    [
      0.027245883457801028,
      -0.9894514699093134,
      0.12999229063264206
    ],
    [
      0.234675184351432,
      -0.8040301570060422,
      0.25024315740051783
    ],
    [
      0.6099342331354219,
      0.7785658412931884,
      -0.10277990675133093
    ],
    [
      0.24081332357731938,
      -0.423380913687096,
      -0.38993697713541803
    ],
    [
      0.0,
      -0.0,
      -0.0
    ],
    [
      0.5003308836189277,
      0.5570952452966503,
      -0.6613441980631231
    ],
    [
      0.1560021857585714,
      0.4178703395401908,
      0.8950126800057715
    ],
    [
      0.6021824058405879,
      -0.12352249378195819,
      -0.2746236156485634
    ],
    [
      0.007822146663707542,
      -0.6126576734219452,
      -0.00879087116080522
    ],
    [
      -0.23678742482580845,
      0.1955311042568449,
      0.11007389245596294
    ],
    [
      0.19645199168378774,
      0.44482539887553507,
      0.33763887503013856
    ],
    [
      0.2073694870137514,
      -0.46183966541334237,
      0.27624007735974265
    ],
    [
      0.6297899306611424,
      0.19747834455556332,
      0.14983792687337005
    ],
    [
      0.09364115740817576,
      0.8838556685476021,
      -0.36987638540571566
    ]
  ],
  "branch_fuel": 2.8315155320731367,
  "branch_order": 4,
  "branch_weights": {
    "continuity": 0.0,
    "control": 0.0,
    "smooth": 0.0,
    "terminal": 4.0
  },
  "configured_threshold": 0.17,
  "control_bound_violation": 0.0,
  "control_max_norm": 0.9999999999999998,
  "control_norms": [
    0.9983258711938794,
    0.8741616402881791,
    0.9943582087009076,
    0.6239337312763131,
    0.0,
    0.9990306570605265,
    0.9999999999999998,
    0.6732752681080467,
    0.6127706668868748,
    0.3262161232801744,
    0.5919991811252135,
    0.5767205224657529,
    0.6768193685617173,
    0.9626931233083931
  ],
  "cost": 3.008769699458298e-11,
  "initial_bicircular_terminal_error": 0.5555905532522609,
  "mask_index": 4,
  "message": "`xtol` termination condition is satisfied.",
  "nfev": 31,
  "nominal_weight_portfolio_candidates": null,
  "optimality": 0.0002677335209225986,
  "optimizer_ran": true,
  "optimizer_success": true,
  "outage_mask": [
    1,
    1,
    1,
    1,
    0,
    1,
    1,
    1,
    1,
    1,
    1,
    1,
    1,
    1
  ],
  "passes_configured_threshold": true,
  "passes_strict_threshold": true,
  "phase_degrees": 0.0,
  "phase_radians": 0.0,
  "recovery_control_norms": [
    0.9990306570605265,
    0.9999999999999998,
    0.6732752681080467,
    0.6127706668868748,
    0.3262161232801744,
    0.5919991811252135,
    0.5767205224657529,
    0.6768193685617173,
    0.9626931233083931
  ],
  "recovery_controls": [
    [
      0.5003308836189277,
      0.5570952452966503,
      -0.6613441980631231
    ],
    [
      0.1560021857585714,
      0.4178703395401908,
      0.8950126800057715
    ],
    [
      0.6021824058405879,
      -0.12352249378195819,
      -0.2746236156485634
    ],
    [
      0.007822146663707542,
      -0.6126576734219452,
      -0.00879087116080522
    ],
    [
      -0.23678742482580845,
      0.1955311042568449,
      0.11007389245596294
    ],
    [
      0.19645199168378774,
      0.44482539887553507,
      0.33763887503013856
    ],
    [
      0.2073694870137514,
      -0.46183966541334237,
      0.27624007735974265
    ],
    [
      0.6297899306611424,
      0.19747834455556332,
      0.14983792687337005
    ],
    [
      0.09364115740817576,
      0.8838556685476021,
      -0.36987638540571566
    ]
  ],
  "recovery_segments": 9,
  "recovery_start": 5,
  "retuned_bicircular_terminal_error": 1.9393200159650993e-06,
  "retuning_semantics": "Controls were retuned under the simple bicircular solar-tidal dynamics against the original fixed target; this sidecar is not high-fidelity validation or fuel-optimality evidence.",
  "runtime_seconds": 25.3631744000013,
  "schema_version": 1,
  "segments": 14,
  "settings_fingerprint": "42c89f2d586ab8759e96e7da10b8e44d53ba93b5dc2846f5e9783b26a5bf2723",
  "sidecar_type": "bicircular_tail_coast_branch_controls",
  "solar_tidal_parameters": {
    "distance_semantics": "constant circular Sun distance in Earth-Moon distance units",
    "model_scope": "simple bicircular solar third-body tidal stress model; not SPICE ephemeris validation",
    "mu_semantics": "GM_sun/(GM_earth+GM_moon) nondimensional mass ratio",
    "rate_semantics": "Sun inertial mean-motion ratio to Earth-Moon mean motion; rotating-frame phase rate is n_sun - 1",
    "rotating_frame_phase_rate": -0.9252,
    "sun_distance_lu": 389.17,
    "sun_inertial_angular_rate_ratio": 0.0748,
    "sun_mu_ratio": 328900.56
  },
  "source_cr3bp_controls_path": "data/results/hard_catalog_tail_coast_branch_control_replay/controls/tail_coast_all_one_two_segment_t5_portfolio_branch_004_mask_004_controls.json",
  "source_cr3bp_controls_sha256": "9ebebca724e9d21f0fe3b1556fa59ebf191a0ea0cd129023fca9d9ae5e2c2c5d",
  "source_cr3bp_terminal_error": 8.51366580700096e-06,
  "strict_threshold": 0.09,
  "strict_thresholds": {
    "nominal_success": 0.05,
    "robust_success": 0.09
  },
  "substeps_per_segment": 7,
  "suite_case_id": "tail_coast_all_one_two_segment_t5_portfolio",
  "tail_coast_segments": 5,
  "target_mode": "catalog_dro_phase",
  "target_state": [
    1.189539279349344,
    -0.26858144973580916,
    0.0,
    -0.06633294887425278,
    -0.3152469277967268,
    0.0
  ],
  "thresholds": {
    "nominal_success": 0.09,
    "robust_success": 0.17
  },
  "transfer_time": 4.0,
  "weight_source": "accepted_cr3bp_branch_weights"
}
